FK;SNP1;SNP2;SNP3;SNP4;SNP5;SNP6;SNP7;SNP8;SNP9;SNP10;SNP11;SNP12;SNP13;SNP14;SNP15;SNP16;SNP17;SNP18;SNP19;SNP20;SNP21;SNP22;SNP23;SNP24;SNP25;SNP26;SNP27;SNP28;SNP29;SNP30;SNP31;SNP32;SNP33;SNP34;SNP35
1;1;1;1;1;1;1;1;1;1;1;1;1;1;1;1;1;1;2;1;3;1;1;1;1;1;1;1;1;3;3;3;3;1;1;1
1;3;1;1;3;1;1;3;1;1;1;1;3;1;1;1;1;1;3;1;3;1;3;1;1;1;1;1;1;1;1;1;3;3;3;3
1;1;1;1;1;1;1;1;1;1;1;1;1;1;1;1;1;1;1;3;1;1;3;3;1;1;3;1;1;1;1;1;1;1;1;1
1;1;1;1;1;1;2;1;1;1;3;1;1;1;1;1;1;1;1;3;1;3;1;3;1;1;1;1;1;1;1;1;3;1;1;1
1;1;2;1;1;1;1;1;1;1;3;1;1;1;1;1;1;1;1;1;1;1;1;1;1;3;3;1;3;3;1;1;1;1;1;3
1;1;1;1;1;1;1;1;1;1;1;1;3;1;1;3;1;3;1;3;1;1;3;3;3;1;1;1;1;3;1;1;1;1;1;1
1;1;1;1;1;1;1;1;1;1;3;1;1;1;1;1;1;1;2;1;3;1;3;1;1;1;1;1;1;3;1;1;1;1;1;1
1;1;1;1;1;1;1;1;1;3;3;3;1;1;1;1;1;1;3;1;3;1;1;1;1;1;1;3;1;3;1;1;1;1;1;1
1;1;2;1;1;1;1;3;1;1;1;1;1;1;3;2;1;1;1;1;1;1;1;1;3;1;3;1;3;3;1;1;1;3;1;3
1;1;1;1;1;1;3;1;1;1;3;1;1;1;3;3;1;1;3;1;1;1;1;1;1;1;1;1;1;1;3;1;1;1;1;1
1;1;1;1;1;1;3;1;1;3;1;3;1;1;1;3;3;3;3;1;1;1;3;1;3;1;1;3;3;3;1;1;1;1;1;1
1;1;1;1;1;1;3;1;3;1;3;1;1;1;3;3;1;3;1;1;3;1;3;1;3;1;1;3;3;1;1;1;1;1;1;1
1;1;1;1;1;1;3;1;1;1;2;1;1;1;1;3;1;3;3;1;1;1;3;1;1;1;3;1;3;3;1;1;3;3;1;3
1;1;1;3;1;3;1;1;1;1;1;1;1;1;3;3;1;1;1;1;1;1;1;1;3;1;2;1;2;2;1;1;3;1;1;1
1;1;1;1;3;1;1;3;1;1;1;1;1;1;3;3;1;1;3;1;1;1;3;1;1;1;1;1;1;2;1;1;1;1;1;1
1;1;1;1;1;1;2;1;3;1;1;1;1;1;3;3;3;1;3;1;1;1;2;2;1;1;1;1;1;3;3;3;3;1;1;1
1;1;1;1;1;1;1;1;1;1;1;1;1;1;3;3;1;1;1;1;1;1;1;3;1;1;1;1;1;1;1;1;1;3;1;2
1;1;1;3;1;3;1;1;1;1;1;1;1;1;1;3;3;1;3;1;1;1;3;3;3;1;1;1;3;2;1;1;1;3;1;1
1;2;1;1;1;1;1;1;1;1;1;1;1;3;3;3;3;3;3;1;1;3;1;1;1;1;1;1;1;1;3;3;2;1;3;1
1;1;3;1;3;3;3;3;1;3;1;3;1;1;3;3;1;1;1;3;1;1;3;1;1;1;1;1;1;1;1;1;3;1;3;1
1;1;1;3;3;3;1;3;1;3;3;3;1;1;1;1;1;1;2;1;1;1;1;1;1;3;3;1;3;3;1;1;2;1;3;1
1;1;3;1;1;1;1;3;3;1;1;1;1;1;1;3;1;3;1;1;1;1;1;3;1;1;1;1;3;3;1;1;3;3;1;1
1;1;1;1;1;1;1;1;3;1;1;1;1;1;1;3;3;3;3;1;1;1;1;1;1;3;1;3;3;3;3;1;1;1;1;1
1;1;1;1;3;1;1;3;1;1;3;1;1;1;1;3;3;1;3;1;1;3;1;1;1;1;1;1;3;2;1;1;3;3;3;1
1;1;1;1;1;1;3;1;1;1;3;1;1;3;3;1;3;3;3;1;1;1;1;1;1;1;1;1;1;1;3;3;2;1;1;1
1;1;3;1;1;1;1;1;1;1;3;1;1;1;3;2;3;1;3;1;1;1;1;1;3;1;2;1;2;2;1;1;1;1;1;1
1;1;3;1;1;1;3;1;1;1;1;1;3;1;1;1;1;3;3;1;3;1;1;3;1;3;1;1;1;1;2;2;2;1;1;1
1;3;1;1;1;1;3;1;1;1;3;1;1;1;1;1;1;3;3;1;3;1;1;1;2;1;1;3;3;1;3;3;3;1;1;1
1;3;1;1;1;1;1;1;1;3;1;3;1;3;3;3;3;3;1;1;1;1;1;1;3;3;3;1;3;3;1;1;1;1;1;1
1;1;3;1;1;1;3;1;3;1;3;1;1;1;1;1;1;1;1;1;1;1;1;2;3;1;1;1;1;1;1;1;1;1;1;3
1;3;1;1;1;1;1;1;1;1;1;1;1;1;3;3;1;1;3;1;1;1;1;3;1;3;1;1;3;3;1;1;3;1;3;1
1;1;1;3;1;3;1;1;1;1;2;1;1;1;1;2;3;1;3;1;1;1;1;1;1;1;1;1;1;1;1;1;1;3;1;3
1;1;1;1;3;1;1;3;3;1;1;1;1;1;1;1;1;1;2;1;3;1;3;1;1;3;1;1;1;2;1;1;1;1;1;1
1;1;1;1;3;1;1;3;1;1;1;1;3;1;1;1;1;1;1;1;1;3;1;2;1;3;3;1;1;3;1;1;3;1;3;1
1;2;1;1;1;1;1;1;3;3;1;3;1;1;1;1;1;1;2;1;3;3;1;1;1;3;1;1;3;3;3;1;1;3;1;1
1;1;2;1;1;1;3;3;1;1;1;1;3;1;1;1;1;1;3;1;1;1;3;1;1;1;1;1;1;1;1;1;1;1;1;1
1;1;3;3;3;2;1;3;1;1;1;1;1;1;1;3;1;3;3;1;3;1;1;1;1;1;3;1;3;3;1;1;1;3;1;1
1;1;1;3;1;3;1;1;1;1;1;1;1;1;1;3;1;1;3;1;3;1;1;3;1;1;3;1;3;3;1;1;1;3;1;1
1;1;1;3;1;3;1;1;1;1;1;1;3;1;3;1;1;1;3;1;1;1;1;2;1;3;1;1;1;1;1;1;3;3;3;3
1;1;3;3;3;2;1;3;1;1;1;1;1;1;1;1;1;1;3;3;3;3;1;3;1;3;1;1;1;3;1;1;1;1;1;1
1;3;1;1;1;1;3;1;1;3;1;3;1;1;1;1;1;1;3;3;3;1;3;3;3;1;3;1;3;3;1;1;3;3;1;3
1;2;3;3;1;1;1;3;1;1;3;1;1;3;1;3;1;1;1;1;1;1;3;1;3;1;1;1;2;2;1;1;1;1;1;1
1;3;1;1;1;1;1;1;1;3;3;3;1;1;1;3;1;3;3;1;3;3;1;3;3;1;1;1;1;1;1;1;3;1;1;3
1;3;1;1;1;1;1;1;1;1;1;1;1;1;1;1;1;3;3;1;2;1;1;1;3;3;3;1;3;3;1;1;1;3;1;3
1;1;1;1;1;1;1;1;1;3;1;3;3;1;1;1;1;1;3;3;1;1;1;1;1;1;3;1;1;1;1;1;1;1;1;1
1;1;1;2;1;2;1;1;3;1;1;1;1;1;1;3;3;1;2;1;1;1;3;1;1;1;1;1;2;2;1;1;1;3;1;1
1;3;3;1;1;1;3;1;1;1;1;1;1;1;1;1;1;1;3;1;1;1;1;1;1;1;3;1;1;1;1;1;1;1;1;1
1;1;1;2;1;2;1;1;1;1;3;1;1;1;3;3;1;1;1;1;1;1;2;3;1;1;3;1;1;1;1;1;3;1;3;1
1;1;1;1;1;1;3;1;1;1;1;1;3;1;3;3;1;1;1;1;1;1;1;1;3;1;3;3;3;1;1;1;1;1;1;1
1;1;1;3;1;3;3;1;1;1;3;1;3;1;1;1;1;1;1;3;1;1;1;3;1;1;3;1;1;1;1;1;1;1;1;1
1;1;1;1;1;1;1;1;1;1;3;1;1;1;1;1;1;3;3;1;3;1;1;3;1;1;1;1;1;3;3;3;2;1;1;1
1;1;1;1;1;1;3;1;1;1;1;1;1;1;1;1;1;3;1;1;1;1;3;1;1;1;1;1;3;3;1;1;1;2;1;3
1;1;3;1;3;1;1;2;1;3;1;3;3;1;1;1;1;3;3;1;3;1;3;3;1;1;1;3;1;3;3;3;3;1;1;1
1;1;3;3;3;2;1;3;1;1;1;1;1;3;1;3;1;1;1;3;1;1;1;1;1;1;1;1;1;1;3;3;3;1;1;3
1;1;1;1;1;1;3;1;1;1;1;1;1;3;1;3;1;1;3;1;1;1;3;1;3;1;1;1;1;1;1;1;2;1;3;1
1;1;1;1;1;1;3;1;1;1;1;1;1;1;1;2;3;3;3;1;1;1;1;1;2;1;1;1;1;3;3;1;1;1;1;3
1;1;3;1;1;1;1;1;1;1;3;1;1;1;3;3;1;1;3;1;3;1;1;3;1;3;1;3;1;3;1;1;1;1;1;1
1;3;1;3;1;3;1;1;1;1;3;1;1;3;3;3;3;3;1;1;1;2;1;1;1;1;1;1;1;1;1;1;3;1;3;3
1;1;1;1;1;1;1;1;1;1;3;1;1;3;1;3;1;1;1;1;1;1;1;3;1;1;1;3;3;1;1;3;1;1;1;1
1;1;1;1;1;1;1;1;3;1;1;1;1;3;1;3;1;1;3;1;1;3;1;3;1;3;1;1;1;1;3;1;1;1;1;1
1;1;1;1;1;1;1;1;1;1;3;1;1;1;1;3;3;1;2;1;1;1;3;2;1;3;3;1;3;3;1;1;3;1;1;1
1;1;2;1;1;1;2;1;1;1;1;1;1;3;3;3;3;3;1;1;1;1;1;1;1;1;3;1;3;3;3;3;3;1;1;1
1;3;1;1;1;1;3;1;2;1;1;1;1;1;1;1;1;1;1;3;1;1;1;1;1;3;3;1;1;1;3;3;3;1;1;1
1;3;1;1;1;1;3;1;1;1;1;1;1;1;3;1;1;1;1;1;1;3;1;1;1;3;3;1;1;1;1;1;1;1;1;1
1;3;2;3;1;1;3;3;1;3;1;3;3;1;3;2;1;1;1;1;1;1;3;1;1;1;1;1;1;1;3;3;3;1;1;1
1;1;1;1;1;1;3;1;1;1;1;1;3;1;1;1;1;1;1;1;1;1;1;1;1;1;3;1;3;2;1;1;1;1;1;1
1;3;3;1;1;1;1;3;1;1;3;1;1;1;1;1;1;1;3;1;1;1;3;3;3;1;1;1;1;3;3;1;1;1;1;1
1;1;1;3;1;3;1;1;3;1;1;1;1;3;3;3;3;3;3;1;1;1;1;1;1;3;1;1;1;3;1;1;1;1;1;3
1;3;2;3;1;1;1;3;1;1;1;1;1;1;3;3;1;1;1;3;1;1;1;3;1;1;1;1;1;1;1;1;1;1;1;1
1;3;1;3;1;3;1;1;3;1;1;1;1;1;1;3;1;2;1;1;1;1;1;3;1;1;1;1;3;2;1;1;1;1;1;1
1;1;1;1;1;1;1;1;1;1;1;1;3;1;1;1;1;1;2;1;1;1;3;3;1;1;1;1;1;1;3;1;1;3;1;3
1;1;3;1;1;1;3;1;1;1;1;1;1;1;1;2;1;2;1;1;1;1;1;1;3;3;1;3;1;3;1;1;1;1;1;1
1;3;3;1;3;3;1;3;1;1;1;1;3;3;2;2;3;3;1;1;1;1;1;1;3;1;1;1;1;3;1;1;1;1;1;3
1;1;2;1;2;2;1;2;3;3;1;3;1;1;3;3;1;1;3;1;1;1;3;1;3;1;1;1;1;3;3;1;1;1;1;3
1;1;3;1;1;1;3;1;1;1;1;1;1;1;1;1;1;1;3;3;1;1;1;3;3;3;1;1;1;1;1;1;3;1;3;3
1;1;1;3;1;3;3;1;1;1;3;1;1;1;1;1;1;1;3;1;3;1;1;1;1;1;1;1;1;1;1;3;1;1;1;3
1;1;1;1;2;1;1;2;1;1;1;1;3;3;1;1;3;2;3;1;3;1;3;2;1;1;1;1;1;3;3;1;1;1;1;3
1;1;3;1;1;1;3;1;1;1;3;1;1;1;1;1;1;3;1;1;1;3;1;3;3;1;1;1;1;1;1;1;1;3;1;3
1;3;3;1;1;1;1;1;1;1;1;1;1;3;1;3;1;1;1;1;1;1;1;3;1;1;1;1;1;3;1;1;3;1;3;1
1;1;3;1;1;1;1;1;1;1;1;1;1;1;1;1;1;1;2;1;3;1;1;3;1;3;1;1;1;1;1;3;1;3;1;3
1;3;1;1;1;1;1;1;1;3;3;3;1;1;2;2;1;1;1;1;1;3;1;1;3;1;3;1;2;2;1;1;1;3;1;1
1;3;1;1;3;1;1;3;1;1;1;1;3;3;2;3;3;3;1;1;1;1;1;1;1;1;1;1;3;2;3;1;1;3;1;1
1;1;3;1;3;3;1;3;1;1;1;1;3;1;1;1;1;1;3;1;1;1;1;1;1;1;2;1;1;1;1;1;1;1;1;1
1;1;3;1;1;1;1;1;1;1;1;1;3;1;1;1;1;1;3;1;1;1;1;1;1;1;1;1;1;3;3;3;2;1;1;1
1;3;3;1;1;1;1;3;1;1;3;1;3;3;3;1;3;3;3;1;1;1;1;1;1;1;1;1;3;3;1;1;1;1;1;1
1;3;1;1;3;1;1;3;3;3;1;3;1;1;1;3;1;1;1;1;1;1;1;1;1;3;1;3;3;1;1;1;1;3;1;3
1;1;3;1;3;3;1;3;1;1;3;1;1;1;1;1;1;1;3;1;1;1;1;3;3;1;1;1;2;2;1;1;1;1;1;1
1;3;1;1;1;1;1;1;1;1;1;1;2;3;3;3;3;3;1;1;1;1;1;1;1;1;1;1;1;1;3;2;3;1;1;1
1;1;1;3;1;3;1;1;1;1;1;1;3;1;1;1;1;3;3;1;3;1;1;3;1;1;1;1;3;3;1;1;1;2;1;3
1;1;1;1;1;1;1;1;1;1;1;1;1;1;1;1;1;3;3;1;1;3;1;1;1;3;1;1;1;1;1;3;1;1;1;1
1;1;1;1;1;1;3;1;3;1;1;1;1;1;1;1;1;1;2;1;3;1;1;1;1;3;1;1;1;1;1;1;1;2;1;2
1;1;1;1;1;1;1;1;1;1;1;1;1;1;3;3;1;1;1;1;1;1;1;1;1;1;1;1;3;3;1;1;1;1;1;3
1;1;1;1;1;1;3;1;1;2;1;2;1;1;1;1;1;3;1;1;1;3;1;1;3;1;3;1;3;3;1;1;1;3;1;1
2;1;3;1;1;1;1;3;3;1;3;1;1;1;1;1;1;3;3;1;3;1;1;2;1;1;1;1;3;2;1;1;1;3;1;1
1;1;1;1;1;1;3;1;3;1;1;1;1;1;3;3;1;1;1;3;1;1;1;3;2;1;1;1;3;3;1;1;1;1;1;1
1;1;2;1;1;1;3;1;3;1;1;1;1;1;1;1;1;1;1;3;1;3;1;1;1;1;1;1;1;1;1;1;1;1;1;3
1;3;1;1;1;1;1;1;3;1;1;1;1;1;1;1;1;1;3;1;1;1;1;1;3;1;1;1;1;3;3;1;1;1;1;1
1;1;2;1;1;1;3;3;3;1;1;1;1;1;1;1;1;1;3;3;1;3;1;2;1;3;1;1;1;1;1;3;1;1;1;3
1;1;1;1;1;1;3;1;1;1;1;1;1;3;1;1;3;3;3;1;1;1;1;3;3;1;3;1;1;1;1;1;3;1;3;1
1;3;3;1;1;1;1;1;1;1;3;1;1;1;3;3;1;1;3;1;1;1;1;3;1;1;3;1;1;1;1;1;1;1;1;3
1;3;1;1;1;1;1;1;1;1;2;1;1;1;1;1;1;1;3;1;3;1;3;3;1;1;1;1;1;1;1;1;1;3;1;3
1;1;1;1;1;1;3;1;1;1;1;1;1;3;1;2;3;1;3;1;1;3;1;1;1;1;1;3;3;1;3;3;3;1;1;1
1;1;1;1;1;1;3;1;1;1;3;1;1;1;1;1;1;3;3;1;3;3;1;1;1;1;1;1;1;3;1;3;3;1;3;1
1;1;1;1;1;1;2;1;3;1;1;1;1;3;1;3;1;1;1;1;1;3;1;1;1;1;3;1;3;3;1;1;3;3;1;3
1;1;1;1;1;1;1;1;3;1;1;1;1;1;3;3;1;1;3;1;1;1;1;1;3;1;1;1;3;2;1;1;1;1;1;1
1;1;3;1;3;3;1;3;1;1;1;1;1;1;1;2;3;1;3;1;1;1;1;3;1;1;1;1;1;3;1;1;3;1;1;3
1;1;1;1;1;1;2;1;1;1;1;1;1;3;1;3;2;3;2;1;1;1;3;3;1;1;1;1;1;1;1;1;1;3;1;2
1;3;1;1;1;1;3;1;1;1;3;1;1;1;1;3;1;1;1;1;1;1;1;1;1;2;3;1;1;1;1;3;1;1;1;1
1;1;1;1;1;1;3;1;1;1;1;1;1;1;1;1;1;1;3;1;3;1;1;3;2;1;1;1;1;1;1;1;1;1;1;3
1;3;3;1;1;1;3;1;1;1;1;1;1;1;3;3;1;1;3;1;3;1;1;1;3;3;1;1;1;1;1;1;1;2;1;2
1;1;1;1;1;1;3;1;1;1;3;1;1;1;1;3;1;3;1;1;1;1;1;1;3;3;1;1;1;3;1;1;3;1;1;1
1;3;1;1;1;1;3;1;3;1;3;1;1;1;1;1;1;1;3;1;1;3;3;3;1;1;3;1;1;1;1;1;3;1;3;1
1;3;3;3;1;1;1;3;3;1;1;1;1;3;1;2;1;1;1;1;1;1;3;3;1;1;1;1;1;3;1;1;3;1;3;1
1;3;1;1;1;1;1;1;1;1;3;1;1;1;1;1;1;1;1;1;1;1;1;1;3;1;1;1;1;1;2;3;3;1;1;1
1;1;1;3;1;3;1;1;1;1;1;1;3;1;1;3;3;1;3;1;1;1;3;3;1;1;3;1;3;3;1;1;1;1;1;1
1;1;2;1;3;3;3;3;1;1;3;1;1;1;1;1;1;1;1;1;1;1;1;1;3;1;1;1;3;3;1;1;1;3;1;1
1;1;3;1;1;1;1;1;1;1;1;1;3;1;1;2;1;1;1;1;1;3;1;3;1;3;1;3;1;3;1;1;1;3;1;3
1;3;3;2;1;3;1;3;1;3;1;3;1;1;1;1;1;1;3;1;3;1;1;1;3;1;3;1;3;3;1;1;3;1;1;3
1;1;1;1;1;1;1;1;3;1;3;1;1;1;1;1;1;3;3;1;1;1;3;3;3;1;1;1;3;2;1;1;1;3;1;1
1;1;3;1;1;1;3;1;1;1;1;1;3;1;3;3;1;3;1;1;3;1;1;1;1;1;1;1;3;3;1;3;1;1;1;1
1;1;3;1;3;3;3;3;1;1;1;1;1;1;1;3;1;3;1;1;1;1;1;1;1;3;1;1;3;3;1;3;1;3;1;1
1;1;3;1;1;1;2;1;1;1;1;1;1;1;1;3;1;1;1;1;1;1;1;1;1;1;3;1;1;1;1;1;1;1;1;1
1;1;1;1;1;1;3;1;1;1;3;1;1;1;1;1;1;1;1;1;1;1;1;1;1;3;3;1;3;3;1;1;3;1;1;3
1;1;1;3;1;3;1;1;1;1;1;1;1;3;1;1;3;3;2;1;3;1;1;1;3;1;3;1;3;3;1;1;3;1;1;3
1;1;1;1;1;1;1;1;1;1;1;1;3;1;1;1;1;1;3;1;1;1;3;3;3;1;1;1;3;3;1;1;1;3;1;3
1;3;1;1;3;1;1;3;2;1;1;1;1;3;1;3;1;1;1;1;1;1;3;1;1;1;1;3;3;2;1;1;1;1;1;1
1;1;1;3;3;3;1;3;1;1;3;1;1;1;1;3;1;1;1;1;1;1;1;3;2;1;1;1;1;1;3;1;1;1;1;1
1;3;1;1;3;1;1;3;1;3;3;3;1;1;1;1;1;1;1;1;1;1;1;1;3;1;3;1;3;2;1;1;3;1;3;1
1;2;1;1;1;1;1;1;1;1;1;1;1;1;1;1;1;1;3;3;1;2;1;3;1;3;1;1;1;1;1;1;1;1;1;3
1;1;1;1;1;1;1;1;1;3;1;3;1;1;1;1;1;1;3;1;1;3;3;1;1;1;3;1;2;2;1;1;1;1;1;1
1;3;1;1;1;1;1;1;1;1;1;1;1;1;1;3;1;3;3;1;1;1;3;3;1;1;1;1;1;1;1;1;1;3;1;3
1;3;1;3;1;3;1;1;1;1;3;1;1;1;1;1;1;1;1;1;1;1;1;1;1;3;1;1;1;1;3;2;3;1;1;1
1;1;3;3;3;2;1;3;1;1;1;1;1;1;3;3;1;1;1;1;1;1;1;3;1;1;1;3;1;3;1;1;1;3;1;3
1;3;1;1;1;1;3;1;1;1;1;1;3;1;1;1;1;1;3;3;3;3;1;3;1;1;3;1;3;3;1;1;3;1;1;1
1;1;3;1;1;1;2;1;1;1;1;1;3;1;3;2;3;1;3;1;1;1;3;3;1;3;1;1;1;3;1;1;1;3;1;3
1;3;1;1;1;1;1;1;1;3;1;3;1;1;1;1;1;1;1;3;1;1;1;1;1;1;1;1;1;1;1;2;1;1;1;1
1;1;3;1;3;1;3;3;1;1;3;1;1;1;1;3;3;1;3;3;1;1;1;1;1;1;1;1;1;1;1;1;1;1;1;3
1;1;1;1;1;1;3;1;1;3;1;3;1;3;3;2;1;1;1;1;1;1;1;1;1;1;3;1;2;2;1;1;1;3;1;1
1;3;1;1;1;1;1;1;3;1;1;1;1;1;1;1;1;1;3;1;1;1;3;1;1;3;1;1;1;1;1;1;1;2;1;2
1;3;3;1;1;1;1;1;1;1;1;1;1;1;1;1;1;1;1;1;1;1;1;1;1;3;1;1;3;3;1;1;1;3;1;3
1;3;1;3;1;3;1;1;1;3;1;3;1;1;1;1;1;3;3;1;1;1;1;3;2;1;1;1;3;3;1;1;1;3;1;3
1;3;1;3;1;3;1;1;1;1;1;1;1;1;2;3;1;1;1;1;1;2;1;1;1;1;1;1;1;1;1;2;1;1;1;1
1;1;3;1;3;3;1;3;3;1;1;1;1;1;1;2;3;1;3;1;1;1;3;1;3;1;1;1;1;3;2;3;3;1;1;1
1;1;1;3;1;3;1;1;3;1;3;1;1;1;1;2;1;3;1;1;1;1;1;1;1;1;1;1;1;3;1;1;1;1;1;1
1;1;3;3;1;3;1;1;1;1;1;1;1;3;1;1;3;2;3;1;3;3;1;1;1;3;1;1;1;1;3;3;2;1;3;1
1;1;1;1;1;1;3;1;1;1;1;1;1;3;3;3;1;1;1;1;1;3;1;1;1;1;1;1;1;2;1;1;1;1;1;1
1;1;1;1;1;1;1;1;3;1;1;1;1;1;1;3;1;3;3;1;1;1;1;3;1;3;1;1;1;3;1;1;2;1;3;1
1;3;1;1;3;1;1;3;1;1;3;1;1;1;3;1;1;1;3;1;1;1;1;1;1;3;1;1;3;3;1;1;1;3;1;1
1;3;1;3;1;3;1;1;1;1;1;1;1;1;3;3;1;1;3;1;3;1;1;1;1;3;3;3;3;1;1;1;1;1;1;1
1;3;1;1;1;1;1;1;1;1;1;1;3;1;1;1;1;1;1;1;1;1;1;1;3;1;1;1;3;3;1;1;1;2;1;3
1;1;3;1;1;1;1;1;1;3;3;3;1;1;1;1;1;1;2;1;1;2;1;1;1;1;1;1;1;1;3;3;3;1;1;1
1;1;1;1;1;1;1;1;1;1;1;1;3;1;3;3;1;1;1;1;1;3;1;3;3;1;1;1;3;2;1;1;3;1;1;1
1;1;1;1;1;1;1;1;1;3;3;3;1;3;3;3;3;3;1;3;1;1;1;1;1;1;1;1;1;3;1;1;3;3;3;3
1;1;1;3;1;3;3;1;1;1;1;1;1;1;1;3;3;1;3;3;1;1;3;1;1;1;1;1;1;3;1;1;3;3;1;3
1;1;1;1;3;1;1;3;1;1;1;1;3;1;1;3;1;3;1;1;1;1;3;1;1;1;1;3;2;3;1;1;1;1;1;1
1;1;3;1;3;3;1;3;1;1;1;1;3;1;1;3;1;1;3;1;3;3;1;1;3;1;1;1;1;3;3;1;3;1;1;1
1;1;1;1;1;1;1;1;1;3;1;3;1;1;1;3;1;1;1;1;1;3;3;1;1;1;1;1;1;3;1;1;1;1;1;1
1;3;1;1;1;1;3;1;1;1;3;1;1;1;1;3;1;1;1;1;1;1;1;1;1;1;1;1;1;1;3;3;3;1;1;3
1;1;1;1;3;1;1;3;1;1;1;1;1;1;3;3;3;1;3;1;1;1;1;3;3;1;1;3;1;3;3;3;3;1;1;1
1;1;1;1;3;1;3;3;3;1;3;1;1;1;1;1;1;3;3;1;3;1;1;1;3;3;1;1;1;1;3;3;3;1;1;3
1;1;1;1;1;1;1;1;1;3;1;3;1;1;1;1;1;3;1;1;1;1;1;2;3;1;1;1;3;2;1;1;1;1;1;1
1;1;3;1;1;1;1;3;1;1;1;1;3;1;1;1;1;3;1;3;3;1;1;1;1;3;2;1;1;1;1;1;1;1;1;1
1;1;1;3;1;3;1;1;1;1;3;1;1;1;1;1;1;1;3;1;1;1;1;1;1;1;1;1;3;3;1;1;1;1;1;3
1;1;2;1;1;1;3;1;1;1;1;1;3;1;3;2;1;1;1;1;1;1;1;1;3;3;1;1;3;2;1;1;1;3;1;1
1;1;1;1;1;1;1;1;1;1;2;1;1;1;2;2;1;1;1;1;1;1;1;1;1;1;1;1;1;1;3;2;3;1;1;1
1;1;3;1;1;1;1;1;1;1;1;1;1;1;3;3;1;1;1;1;1;1;1;1;1;3;3;1;1;1;1;1;1;1;1;3
1;3;1;1;1;1;3;1;1;1;1;1;3;1;1;1;1;1;2;1;3;1;1;1;1;1;3;1;2;2;1;1;3;3;1;1
1;1;1;1;3;1;3;3;1;1;1;1;1;1;1;3;1;3;1;1;3;1;3;1;1;1;1;3;1;2;3;1;1;1;1;1
1;1;1;1;1;1;3;1;1;1;1;1;3;1;3;3;1;1;1;1;1;1;1;1;1;3;1;1;3;3;1;1;1;2;1;3
1;3;1;3;1;3;1;1;1;1;3;1;1;2;1;3;3;3;3;1;1;1;1;1;2;1;1;3;1;3;1;1;1;3;1;3
1;3;1;1;3;1;1;3;3;3;1;3;1;3;3;3;3;3;1;1;1;1;1;1;2;1;2;1;3;3;1;1;1;1;1;1
1;1;1;1;1;1;3;1;1;1;1;1;1;1;1;1;1;1;3;1;1;1;1;1;1;1;1;1;1;1;3;3;3;1;1;3
1;1;3;1;1;1;1;3;1;1;1;1;3;1;1;1;1;1;3;1;1;3;1;3;3;1;1;3;2;3;1;1;1;3;1;1
1;1;1;1;3;1;1;3;3;1;1;1;1;1;1;1;1;1;3;3;1;1;1;3;1;1;1;1;1;3;2;3;3;1;1;1
1;1;1;3;1;3;1;1;1;1;3;1;1;1;3;3;1;1;1;1;1;1;1;3;2;1;1;1;1;3;3;1;3;1;3;1
1;1;3;1;3;3;3;3;3;1;1;1;1;1;1;1;1;3;3;1;3;1;1;1;1;1;1;3;3;1;1;1;1;1;1;1
1;1;1;1;3;1;3;3;3;1;1;1;1;1;3;3;1;1;1;1;1;1;1;1;1;1;3;1;1;1;3;3;3;1;1;1
1;1;1;1;3;1;1;3;3;1;1;1;3;1;1;1;1;1;1;1;1;1;2;3;1;1;1;1;1;1;3;1;1;3;1;3
1;1;1;1;3;1;3;3;1;1;1;1;3;3;1;2;1;3;1;1;1;3;1;1;1;1;1;1;3;3;1;1;3;3;3;1
1;1;3;1;3;3;1;3;2;1;1;1;1;1;3;1;1;1;1;3;1;1;3;1;1;1;1;1;1;1;1;1;1;1;1;2
1;1;3;3;3;2;1;3;1;1;1;1;1;1;3;3;1;1;3;1;3;1;1;1;1;1;1;1;1;3;1;1;3;1;3;1
1;1;1;1;2;1;1;2;1;1;1;1;1;1;1;2;1;2;1;1;1;1;1;3;1;1;1;1;1;1;1;1;1;2;1;2
1;1;1;1;2;1;1;2;1;3;1;3;3;1;1;1;1;1;3;3;1;1;3;2;1;1;1;1;1;1;1;3;1;3;1;3
1;3;3;1;1;1;1;1;1;3;1;3;1;1;3;3;1;1;3;1;1;1;1;1;1;1;1;1;1;2;3;1;1;1;1;1
1;1;3;3;1;3;1;1;3;1;1;1;1;1;1;3;1;3;1;1;1;1;1;1;1;1;2;1;3;3;1;1;1;1;1;1
1;1;3;3;1;3;1;1;3;1;1;1;1;1;1;3;3;3;3;1;3;1;1;1;3;1;1;1;1;1;1;1;1;1;1;3
1;1;2;1;1;1;1;1;1;1;1;1;1;1;1;3;1;1;1;1;1;1;1;1;1;1;1;1;1;2;1;1;1;1;1;1
1;1;3;1;1;1;1;1;1;3;1;3;1;1;1;3;1;1;1;3;1;1;1;1;3;1;1;1;1;3;3;3;3;1;1;1
1;1;1;3;1;3;1;1;1;1;1;1;1;3;1;3;1;1;3;1;3;1;3;1;1;3;1;1;1;1;1;1;1;1;1;1
1;1;1;3;1;3;1;1;1;1;1;1;1;1;1;1;1;3;1;1;3;3;1;2;1;3;1;1;3;2;3;1;1;3;1;1
1;3;1;1;1;1;1;1;1;1;1;1;1;1;1;1;1;1;3;1;1;1;1;1;3;1;1;1;1;1;1;1;1;3;1;3
1;1;3;1;3;1;1;2;1;1;1;1;1;1;1;1;1;1;3;3;1;1;1;3;3;1;1;1;1;1;1;2;1;1;1;1
1;1;1;1;1;1;1;1;1;3;3;3;1;3;1;1;3;2;3;1;1;1;1;1;3;1;3;3;3;2;1;1;3;1;1;1
1;1;3;1;1;1;1;1;1;1;1;1;1;1;1;1;1;3;1;1;1;1;3;3;1;1;1;1;1;1;1;1;1;3;1;3
1;3;1;1;1;1;1;1;3;1;3;1;1;3;1;2;1;3;1;1;1;1;3;1;1;1;1;1;1;1;1;1;3;1;1;3
1;1;3;1;1;1;3;1;1;3;1;3;1;1;3;1;1;1;3;1;1;1;1;3;3;1;1;1;1;3;1;3;1;1;1;1
1;3;1;1;1;1;1;1;1;1;3;1;1;1;3;3;1;1;1;1;1;1;1;1;3;1;3;1;3;3;1;1;1;1;1;3
1;1;3;1;3;3;1;3;1;3;1;3;1;1;3;1;1;1;3;1;1;1;1;3;1;3;1;1;1;1;1;3;3;1;1;1
1;1;3;1;2;3;1;2;1;1;1;1;1;1;1;3;1;3;1;1;1;1;1;3;1;1;1;1;3;3;1;1;1;3;1;1
1;1;3;1;3;3;1;3;1;3;3;3;1;1;1;3;1;3;1;1;1;1;1;1;1;1;3;1;1;1;1;1;1;1;1;3
1;1;3;1;3;1;1;3;1;1;1;1;1;1;1;1;1;1;1;3;1;1;3;2;1;1;1;1;1;1;1;3;1;1;1;1
1;1;1;1;3;1;3;3;1;1;1;1;1;1;1;1;1;1;3;1;1;1;1;1;1;1;1;1;3;3;1;1;1;2;1;3
1;1;1;1;1;1;1;1;1;3;1;3;1;1;1;3;1;3;3;1;3;1;3;3;1;1;1;3;3;3;1;1;1;1;1;1
1;1;3;1;3;3;1;3;1;1;1;1;1;1;1;1;1;1;3;1;1;1;1;1;1;1;1;1;1;1;1;1;1;2;1;2
1;1;1;3;1;3;1;1;1;1;1;1;2;1;1;1;1;1;2;1;1;1;1;1;1;3;3;1;2;2;1;1;1;3;1;1
1;1;1;1;3;1;3;3;3;3;1;3;1;1;1;1;1;3;1;1;1;1;1;1;1;1;1;1;1;3;1;1;2;1;3;1
1;1;2;1;3;3;3;3;1;1;3;1;1;3;1;3;1;1;1;1;1;1;1;1;1;1;1;1;1;1;3;1;1;1;1;1
1;3;1;1;1;1;1;1;1;3;1;3;1;1;3;1;1;1;3;1;1;1;1;1;1;3;1;1;1;1;1;1;3;1;1;3
1;1;1;1;1;1;1;1;1;1;1;1;1;1;3;1;1;1;1;3;1;1;3;2;1;1;3;1;3;3;1;1;1;1;1;1
1;1;1;1;1;1;1;1;1;1;1;1;3;1;3;2;1;1;1;1;1;1;1;1;1;1;1;1;1;1;1;1;1;3;1;2
1;1;3;1;3;3;3;3;1;1;1;1;3;1;1;3;3;1;3;3;1;1;1;1;3;1;1;1;1;1;1;3;1;1;1;3
1;1;1;1;2;1;1;2;1;1;1;1;1;1;1;3;3;1;2;1;3;1;1;1;2;1;1;1;3;3;1;1;1;3;1;3
1;1;1;1;1;1;3;1;1;1;1;1;1;1;1;1;1;1;1;3;1;1;3;2;1;3;1;1;1;3;1;1;3;3;3;3
1;1;1;1;1;1;1;1;1;3;1;3;1;1;1;1;1;3;1;1;3;1;3;1;3;1;1;1;3;2;1;1;1;1;1;1
1;3;1;1;3;1;1;3;2;1;1;1;1;1;1;2;1;2;1;1;1;1;2;1;1;1;1;1;1;1;3;1;1;3;1;3
1;1;1;1;1;1;1;1;3;1;1;1;1;1;1;1;1;1;3;1;3;1;1;1;1;1;1;1;1;1;3;3;3;1;1;3
1;1;1;1;3;1;1;3;1;3;3;3;1;3;1;2;1;3;1;1;1;3;1;3;1;1;3;1;2;2;1;1;1;3;1;1
1;3;1;1;1;1;1;1;1;1;1;1;3;1;1;2;3;1;3;1;1;3;1;1;1;1;1;3;3;1;1;1;1;1;1;3
1;1;1;1;1;1;2;1;1;1;1;1;1;1;1;3;3;1;2;1;3;1;1;3;3;1;1;1;1;1;1;1;1;1;1;3
1;3;1;1;1;1;1;1;1;1;3;1;1;1;1;3;3;1;3;1;1;1;1;1;3;1;1;1;1;3;3;1;1;3;1;3
1;1;3;1;3;3;3;3;1;1;3;1;1;1;1;3;1;1;3;1;1;3;1;3;1;3;3;1;3;3;1;1;1;1;1;1
1;1;1;1;1;1;3;1;1;3;1;3;1;1;3;2;1;1;1;1;1;1;1;1;1;1;1;1;1;1;1;1;3;1;1;1
1;1;1;3;1;3;3;1;3;1;1;1;1;1;1;1;1;1;3;3;3;1;1;1;3;1;2;1;3;3;1;1;3;1;1;1
1;1;3;1;1;1;3;1;1;1;1;1;3;1;1;1;1;2;1;1;3;1;1;3;1;1;1;3;1;3;1;1;1;3;1;3
1;1;1;1;3;1;1;3;1;1;1;1;1;1;3;3;1;1;1;3;1;1;1;1;1;1;3;1;3;2;3;1;1;1;1;1
1;3;1;1;1;1;1;1;3;1;3;1;1;1;1;1;1;1;1;1;1;1;3;3;1;1;1;1;3;2;1;1;1;3;1;1
1;3;1;1;1;1;1;1;1;1;3;1;1;1;1;1;1;1;2;1;2;1;1;1;1;3;1;1;3;3;1;1;3;3;3;1
1;1;3;1;1;1;1;1;1;2;1;2;1;1;1;1;1;1;3;3;3;3;1;3;1;1;1;1;1;3;3;3;3;1;1;1
1;1;3;1;1;1;3;1;3;1;1;1;1;1;1;3;1;3;1;1;1;1;1;1;3;1;3;1;3;3;1;1;1;1;1;1
1;1;3;1;1;1;1;1;1;1;1;1;1;1;1;1;1;1;3;1;1;1;1;1;3;3;1;3;3;1;1;1;1;3;1;3
1;1;1;1;1;1;3;1;1;2;1;2;1;1;1;1;1;1;2;1;2;1;1;1;3;1;1;3;1;3;1;1;1;1;1;1
1;1;3;1;1;1;1;1;3;1;1;1;1;3;3;2;1;1;1;1;1;1;1;1;3;1;1;1;3;3;1;3;1;3;1;1
1;1;1;1;3;1;1;3;1;3;1;3;1;1;1;1;1;1;3;1;1;1;3;1;1;1;1;1;1;1;1;3;1;1;1;3
1;1;1;1;1;1;3;1;1;2;1;2;1;1;1;1;1;3;1;1;1;3;1;3;1;3;3;1;3;3;1;1;3;1;1;3
1;1;1;3;3;3;1;3;1;1;1;1;1;1;1;3;1;3;1;1;1;1;1;1;3;1;1;1;1;3;3;1;1;1;1;3
1;1;1;3;1;3;1;1;1;1;1;1;1;1;3;3;1;3;1;1;1;3;1;1;3;1;1;1;3;2;1;1;3;1;3;1
1;1;1;1;3;1;3;3;3;1;3;1;1;1;1;1;1;1;3;1;1;1;1;2;1;1;1;1;1;1;1;3;1;3;1;3
1;1;1;1;1;1;1;1;1;1;1;1;1;1;1;3;1;3;1;1;1;1;1;2;3;3;1;1;3;3;1;1;1;3;1;3
1;1;1;1;3;1;1;3;3;1;1;1;1;1;1;1;1;1;2;1;1;1;3;1;1;1;3;1;2;2;1;1;3;3;1;1
1;1;1;3;1;3;1;1;3;1;1;1;1;1;1;1;1;1;3;1;3;1;1;1;1;1;1;1;2;2;1;1;1;2;1;1
1;3;1;1;1;1;1;1;3;1;1;1;1;1;1;1;1;1;3;3;1;1;1;3;1;1;1;1;1;3;1;1;3;3;1;3
1;3;1;1;1;1;1;1;1;1;1;1;3;1;1;1;1;1;1;3;1;1;2;1;1;1;1;1;1;1;3;1;1;1;1;1
1;3;1;1;1;1;1;1;1;1;1;1;1;3;1;3;1;1;1;3;1;1;3;3;3;1;3;1;3;3;1;1;1;1;1;3
1;1;1;1;1;1;1;1;3;1;1;1;1;1;1;1;1;1;2;1;1;1;3;3;1;1;1;1;2;2;1;1;1;3;1;1
1;1;1;1;1;1;3;1;1;3;1;3;1;1;3;3;1;1;3;1;1;1;1;1;1;3;2;1;3;3;1;1;3;1;1;1
1;1;1;1;1;1;1;1;1;2;1;2;1;1;1;1;1;3;3;1;3;1;3;1;3;1;1;1;1;1;3;1;1;3;1;3
1;1;1;1;1;1;3;1;1;1;3;1;1;3;1;3;1;1;1;3;1;1;1;1;3;1;1;1;1;1;1;3;1;3;1;3
1;1;3;1;1;1;3;1;1;1;3;1;1;1;1;1;1;1;2;1;3;1;3;1;3;1;3;1;3;3;1;1;3;1;1;3
1;1;1;1;1;1;2;1;1;1;3;1;1;1;1;1;1;1;1;2;1;1;1;3;1;1;1;1;1;3;2;3;3;1;1;1
1;1;3;1;3;3;1;3;1;1;1;1;1;1;1;3;3;3;3;1;1;1;1;1;1;1;1;1;1;1;1;1;1;3;1;2
1;1;3;1;1;1;3;1;1;1;3;1;3;1;1;1;1;1;1;3;1;1;1;1;3;1;2;1;2;2;1;1;2;1;1;1
1;3;1;1;1;1;1;1;3;1;1;1;3;1;1;1;1;3;1;1;1;1;1;1;1;3;3;1;3;3;3;3;3;1;1;1
1;1;1;1;3;1;1;3;1;1;1;1;1;1;1;1;1;3;3;1;3;1;3;3;1;3;1;1;1;3;3;1;1;1;1;1
1;1;3;1;1;1;3;1;1;1;1;1;3;1;3;1;1;1;3;1;1;1;3;1;1;1;1;1;1;1;1;3;1;1;1;3
1;1;1;3;1;3;3;1;1;3;1;3;1;3;1;1;3;3;3;1;1;3;1;3;3;1;1;1;1;3;3;1;1;1;1;1
1;1;3;1;3;1;1;3;1;1;3;1;1;1;1;2;1;3;1;1;1;1;1;1;3;1;1;1;1;3;3;1;1;1;1;1
1;3;1;1;1;1;3;1;3;1;3;1;1;3;3;1;3;3;3;1;1;3;3;1;1;1;1;1;1;2;3;1;1;1;1;1
1;1;1;1;1;1;3;1;3;1;1;1;1;1;1;1;1;1;3;1;1;1;1;1;3;1;1;1;1;3;2;3;3;1;1;1
1;1;1;3;1;3;1;1;1;1;1;1;1;1;1;1;1;3;1;1;1;3;1;1;1;1;1;1;1;1;1;1;1;1;1;1
1;1;3;1;1;1;3;3;1;1;1;1;1;1;1;3;1;1;3;1;1;1;1;1;1;3;1;1;1;1;1;1;1;1;1;1
1;1;1;1;1;1;1;1;3;1;1;1;1;1;1;1;1;1;2;1;3;1;1;1;1;3;3;1;3;3;1;1;3;3;1;3
1;1;3;1;1;1;1;3;1;1;1;1;1;1;1;3;3;1;3;1;1;1;3;1;1;1;1;1;1;1;1;1;3;1;3;3
1;1;1;1;1;1;2;1;1;1;1;1;3;3;1;2;3;1;3;1;1;1;1;1;1;1;1;1;1;1;1;1;1;2;1;2
1;1;1;3;1;3;1;1;1;1;1;1;1;1;1;2;1;1;1;1;1;3;1;1;3;1;1;1;1;3;3;1;1;1;1;3
1;1;1;3;1;3;3;1;3;1;1;1;1;1;1;3;1;3;1;1;1;1;3;1;3;1;1;1;1;1;1;1;1;1;1;3
1;1;1;1;3;1;1;3;3;1;1;1;3;1;1;3;1;1;3;1;3;1;1;1;1;1;1;1;1;1;3;3;3;3;1;3
1;1;1;1;1;1;3;1;1;1;3;1;1;1;1;1;1;1;3;1;3;1;3;3;1;1;3;1;3;3;1;1;1;3;1;1
1;1;1;1;1;1;1;1;3;1;1;1;1;1;1;3;1;1;3;1;3;1;3;1;1;1;3;1;1;3;1;1;1;1;1;1
1;1;1;1;3;1;1;3;3;1;1;1;1;1;3;3;1;1;1;1;1;1;3;3;3;1;1;3;3;1;1;1;1;3;1;3
1;1;1;1;1;1;1;1;3;1;1;1;1;1;3;2;1;3;1;1;1;1;1;1;2;1;1;1;1;1;1;1;3;1;1;3
1;3;1;3;1;3;1;1;1;1;3;1;1;3;1;3;1;1;1;3;1;1;3;3;1;1;3;1;3;3;1;3;1;1;1;1
1;2;1;1;1;1;1;1;3;1;1;1;3;1;1;1;1;3;1;1;3;3;1;3;1;1;1;1;1;3;2;3;3;1;1;1
1;1;1;1;3;1;3;3;3;1;1;1;1;3;1;3;1;1;1;1;1;1;3;1;1;3;3;1;1;1;3;1;1;1;1;1
1;1;1;1;3;1;1;3;3;1;1;1;1;1;1;3;1;1;1;1;1;1;3;1;3;1;1;3;3;1;1;3;1;1;1;1
1;1;3;1;3;1;1;3;1;1;3;1;1;1;1;1;1;1;1;1;1;1;3;1;3;1;1;1;1;3;1;3;3;1;3;1
1;3;1;3;1;3;1;1;1;1;1;1;3;3;3;2;1;1;1;1;1;1;1;3;3;3;1;1;1;1;1;1;3;1;1;1
1;3;1;1;1;1;1;1;1;1;1;1;1;1;1;1;1;1;3;3;3;1;1;1;3;1;1;1;1;3;3;3;3;1;1;1
1;1;1;1;3;1;1;3;1;1;1;1;1;1;1;3;1;1;1;3;1;1;3;3;1;1;1;1;1;1;3;2;3;1;1;1
1;1;3;3;1;3;3;1;1;1;1;1;1;3;3;3;3;3;1;1;1;1;3;3;1;1;1;1;3;3;1;1;1;3;1;3
1;1;3;1;3;3;1;3;1;1;3;1;1;1;1;3;3;1;3;3;1;3;1;1;1;1;1;1;3;2;1;1;1;3;1;1
1;1;1;1;1;1;2;1;3;1;1;1;3;1;1;1;1;1;2;1;3;1;1;3;1;3;1;1;3;2;1;1;1;1;1;1
1;3;1;1;1;1;3;1;1;3;3;3;1;3;3;3;3;2;1;1;3;3;1;3;1;1;1;3;1;3;1;1;1;1;1;1
1;1;1;1;1;1;3;1;1;1;3;1;1;1;3;3;1;1;3;1;1;1;3;3;1;3;3;1;1;1;1;1;1;3;1;3
1;2;1;1;1;1;1;1;1;3;1;3;1;1;3;3;1;1;1;1;1;1;1;1;1;1;3;1;1;1;1;1;1;1;1;1
1;1;1;1;1;1;3;1;1;1;1;1;1;3;3;3;3;3;1;1;1;1;1;1;1;1;3;1;3;3;1;1;3;1;1;3
1;1;1;1;1;1;1;1;1;1;1;1;1;1;3;3;1;1;1;1;1;3;1;1;1;1;1;1;3;3;3;3;3;1;1;1
1;1;1;1;3;1;1;3;3;1;1;1;1;1;1;3;1;1;3;1;1;1;1;1;3;1;1;1;1;1;1;3;1;1;1;3
1;1;1;3;1;3;1;1;1;1;1;1;3;1;1;3;3;1;3;1;1;1;1;1;1;1;2;1;3;3;1;1;1;1;1;1
1;1;1;1;1;1;1;1;1;1;1;1;1;1;1;3;3;1;2;1;1;1;1;3;3;1;1;1;1;1;3;3;3;1;1;3
1;1;3;1;1;1;1;3;1;1;1;1;1;1;1;1;1;1;1;1;1;1;1;3;3;1;1;3;3;1;1;1;1;3;1;3
1;1;1;1;1;1;1;1;1;1;1;1;1;1;1;1;1;3;1;1;3;1;1;1;3;1;1;1;1;3;1;1;1;1;1;1
1;3;1;1;1;1;1;1;1;1;1;1;1;3;3;3;3;3;1;1;1;1;3;1;1;1;3;1;2;2;1;1;3;3;1;1
1;1;1;1;1;1;1;1;1;3;1;3;1;1;3;1;1;1;3;1;3;1;1;1;3;1;1;1;1;1;1;3;1;1;1;1
1;1;3;1;3;1;1;3;1;1;1;1;3;1;3;3;1;1;3;1;1;1;1;1;1;1;1;1;3;2;1;1;1;3;1;1
1;1;1;1;3;1;1;3;1;3;1;3;1;1;1;3;3;1;2;1;1;1;1;1;1;1;1;3;2;3;1;1;1;3;1;1
1;1;1;1;1;1;2;1;3;1;1;1;3;1;3;3;1;1;3;1;3;1;1;1;2;1;1;1;1;3;1;1;2;1;2;1
1;1;1;1;1;1;3;1;1;1;1;1;3;1;1;1;1;3;1;1;3;1;1;1;1;1;1;1;1;1;3;1;1;3;1;3
1;1;3;1;1;1;2;1;1;1;1;1;3;1;1;1;1;1;1;3;1;1;1;1;1;1;3;1;3;3;1;1;1;3;1;3
1;3;3;1;1;1;3;1;1;1;3;1;1;1;3;3;1;1;1;3;1;1;1;1;1;1;1;1;1;1;1;1;3;3;3;3
1;1;2;1;1;1;2;1;1;1;1;1;1;1;3;1;1;3;1;1;1;1;1;3;1;1;3;1;3;3;1;1;1;1;1;1
1;3;1;1;1;1;1;1;1;3;3;3;1;1;3;3;1;1;1;1;1;1;1;1;1;1;1;3;3;3;3;1;1;1;1;1
1;1;1;1;1;1;1;1;1;1;1;1;1;1;3;3;1;1;3;1;1;1;3;3;1;1;3;1;1;3;1;1;1;1;1;1
1;3;1;1;3;1;1;3;1;1;1;1;1;1;1;1;1;3;3;1;3;2;1;1;1;1;3;1;3;3;1;1;1;1;1;1
1;1;3;1;3;3;1;3;3;1;1;1;1;1;1;3;1;1;3;1;1;1;1;1;1;1;3;1;3;2;1;1;3;1;1;1
1;1;1;1;3;1;1;3;3;3;1;3;1;1;1;1;1;1;1;3;1;1;1;2;1;1;1;1;1;1;1;1;1;3;1;3
1;3;1;1;1;1;1;1;1;1;1;1;1;3;1;3;1;1;1;1;1;1;1;1;1;1;1;1;1;3;1;1;1;1;1;3
1;3;2;3;1;1;1;3;1;1;1;1;3;1;1;3;1;3;1;3;1;1;1;1;3;1;1;1;3;2;3;1;1;3;1;1
1;1;1;1;3;1;1;3;1;1;2;1;1;1;1;1;1;1;3;1;1;1;1;3;1;3;1;1;1;3;1;1;3;1;1;3
1;1;1;1;1;1;1;1;3;3;1;3;1;1;1;1;1;3;1;3;1;1;1;1;1;1;1;1;1;1;1;1;1;3;1;3
1;1;1;1;1;1;3;1;1;1;1;1;1;3;1;2;1;1;1;1;1;1;1;1;3;1;1;1;1;3;1;1;3;1;3;1
1;3;1;3;1;3;1;1;1;1;1;1;1;1;1;1;1;1;2;1;1;1;1;1;3;1;1;1;1;1;1;1;1;1;1;2
1;1;1;1;1;1;3;1;1;3;1;3;1;1;2;2;1;1;1;1;1;1;1;1;1;1;1;1;1;3;1;1;3;1;1;3
1;1;3;1;1;1;3;1;1;3;1;3;1;1;1;1;1;1;2;1;1;1;1;1;2;1;1;1;1;3;2;1;1;1;1;1
1;1;3;1;1;1;1;1;1;1;2;1;1;1;1;3;3;1;2;1;3;1;3;3;3;1;1;3;1;3;1;1;1;1;1;3
1;3;3;1;1;1;3;1;1;1;1;1;1;1;1;2;3;3;3;1;1;3;1;1;1;3;3;1;1;1;1;1;1;3;1;3
1;1;1;3;3;3;1;3;1;1;1;1;3;3;1;3;1;1;1;1;1;1;3;2;1;1;1;1;3;3;1;1;1;3;1;3
1;1;3;1;2;3;1;2;1;3;1;3;1;1;1;1;1;1;3;1;3;1;1;1;1;1;1;1;1;3;1;1;3;3;1;3
1;1;3;1;1;1;1;1;1;1;1;1;1;1;1;1;1;3;1;1;1;1;1;1;3;1;1;1;1;3;1;1;1;1;1;1
1;3;1;1;1;1;1;1;1;3;1;3;1;1;1;3;1;2;1;1;1;3;1;3;1;3;1;1;1;1;1;1;1;1;1;1
1;1;1;1;3;1;3;3;1;1;1;1;1;3;1;3;1;1;1;3;1;1;3;1;1;1;1;1;1;3;1;1;1;3;1;3
1;1;3;1;1;1;1;1;3;1;1;1;1;1;1;3;1;1;1;1;1;1;3;2;1;1;2;1;2;2;1;1;3;1;1;1
1;1;1;1;1;1;3;1;1;1;1;1;1;3;1;2;1;1;1;1;1;1;1;1;3;1;1;3;1;2;1;1;3;1;3;1
1;3;1;1;1;1;1;1;1;1;1;1;3;1;2;3;1;1;1;1;1;1;1;1;3;1;1;1;3;3;3;1;1;3;1;1
1;1;3;1;1;1;1;1;3;1;1;1;1;1;1;1;1;1;3;1;3;3;1;2;1;3;1;1;3;3;1;1;1;2;1;3
1;1;1;1;1;1;1;1;3;1;1;1;1;1;1;3;1;3;1;1;1;1;3;3;3;1;3;1;3;3;1;1;1;1;1;1
1;1;3;1;3;3;3;3;1;3;3;3;1;1;1;1;1;3;1;1;3;1;1;2;3;1;3;1;3;3;1;3;1;1;1;1
1;1;1;1;1;1;1;1;1;1;3;1;1;1;1;1;1;3;3;1;3;1;1;1;1;1;1;1;3;3;3;1;1;3;1;1
1;1;1;1;1;1;1;1;1;1;1;1;1;3;1;1;3;2;3;1;3;1;1;1;1;1;1;1;1;1;3;3;3;1;1;1
1;3;1;1;1;1;1;1;1;1;1;1;1;1;1;1;1;2;1;1;3;1;3;1;1;3;3;1;1;1;1;1;1;1;1;1
1;1;1;1;1;1;1;1;1;3;1;3;1;1;1;3;1;1;1;1;1;1;1;1;1;1;1;1;1;3;1;1;2;1;3;1
1;1;1;3;1;3;1;1;1;3;1;3;1;1;3;3;1;3;1;1;3;1;1;1;1;1;1;3;3;1;1;1;1;3;1;3
1;1;3;1;1;1;3;1;1;1;1;1;1;1;1;3;1;1;3;1;3;1;1;3;3;1;1;1;3;3;1;1;1;1;1;3
1;3;1;1;1;1;3;1;1;1;3;1;3;1;2;1;1;1;1;1;1;1;3;3;3;1;3;1;3;3;1;1;3;3;1;3
1;1;1;1;1;1;1;1;1;1;1;1;1;1;3;3;1;1;1;1;1;3;1;1;1;1;3;1;1;1;1;1;1;1;1;1
1;1;3;1;3;1;1;2;1;1;1;1;1;3;1;1;3;3;3;3;1;1;1;1;1;3;1;1;1;1;3;2;3;1;1;1
1;1;1;1;1;1;1;1;1;3;1;3;1;1;1;1;1;1;1;3;1;1;3;3;1;1;1;1;2;2;1;1;1;3;1;1
1;3;1;1;1;1;1;1;1;3;1;3;1;1;3;3;1;1;1;3;1;1;1;1;3;1;1;1;1;1;3;1;1;1;1;1
1;3;1;1;3;1;1;3;1;1;1;1;3;1;1;1;1;3;1;1;3;1;3;1;1;1;1;1;1;1;3;3;1;1;1;1
1;1;1;1;3;1;1;3;1;3;3;3;1;3;1;1;3;3;2;1;3;1;1;1;3;3;1;3;3;1;1;1;1;3;1;3
1;1;3;1;1;1;3;1;1;3;3;3;1;1;1;1;1;1;1;3;1;1;1;3;3;1;1;1;3;3;1;1;1;1;1;1
1;1;1;1;1;1;3;1;1;1;1;1;1;1;1;1;1;1;3;1;1;3;3;1;1;1;1;1;1;1;3;1;1;1;1;1
1;1;1;1;1;1;1;1;1;1;1;1;1;1;1;1;1;1;1;1;1;1;1;1;1;1;1;1;1;1;1;1;1;1;1;3
1;3;3;1;3;3;1;3;1;1;3;1;1;1;1;1;1;3;1;1;3;1;3;1;1;1;3;1;3;3;1;1;3;1;3;1
1;1;1;1;1;1;3;1;3;1;3;1;1;1;3;3;1;1;3;1;1;3;1;1;1;1;3;1;1;3;1;1;1;1;1;1
1;1;1;1;1;1;3;1;1;1;1;1;1;1;3;3;1;3;1;1;3;1;1;1;1;3;1;1;1;3;1;1;3;1;1;1
1;1;3;1;1;1;1;1;1;1;1;1;1;1;1;3;1;1;1;1;1;1;1;3;3;1;1;1;1;1;1;3;3;1;1;1
1;3;1;1;1;1;3;1;1;1;3;1;1;1;1;1;1;3;3;1;3;1;1;1;1;1;3;1;3;2;1;1;1;1;1;1
1;1;3;1;1;1;1;1;3;1;3;1;1;1;3;3;1;3;1;1;1;1;1;3;3;1;1;1;1;1;1;2;1;1;1;1
1;1;1;1;3;1;3;3;1;1;1;1;2;1;1;3;1;3;3;1;3;1;1;3;1;1;1;1;1;1;1;3;1;1;1;1
1;3;2;3;1;1;1;2;1;1;3;1;1;1;1;1;1;1;2;1;1;3;1;1;1;1;3;1;3;2;1;1;3;1;1;1
1;3;1;1;1;1;1;1;1;1;3;1;1;1;1;2;1;1;1;1;1;1;1;3;1;1;1;1;1;1;1;1;3;1;1;1
1;1;2;1;1;1;2;1;3;1;1;1;1;1;1;1;1;3;3;1;1;1;1;3;1;1;1;3;3;1;1;1;1;1;1;1
1;1;1;1;3;1;1;3;3;1;1;1;1;1;1;1;1;1;3;1;3;3;1;1;1;1;3;1;1;1;1;1;1;1;1;3
1;1;3;1;1;1;1;1;1;1;1;1;1;1;1;1;1;1;3;1;1;1;3;1;1;1;1;1;3;3;3;3;3;1;1;1
1;3;1;1;1;1;1;1;1;1;1;1;1;1;3;3;1;1;1;1;1;1;1;1;3;1;2;1;2;2;1;1;2;1;1;1
1;1;1;1;1;1;3;1;1;1;1;1;1;2;1;2;1;1;1;1;1;1;1;1;3;1;3;1;3;3;1;1;1;1;1;3
1;1;1;1;1;1;1;1;1;1;1;1;3;1;3;3;1;1;1;1;1;1;3;3;1;1;3;1;3;3;1;1;3;3;1;3
1;3;3;3;1;1;1;3;1;3;1;3;3;1;1;1;1;1;3;3;3;1;1;1;1;1;3;1;3;3;1;1;1;1;1;1
1;1;1;1;1;1;1;1;1;1;1;1;1;3;3;2;3;3;1;1;1;1;1;1;1;3;3;1;3;3;1;1;1;1;1;1
1;1;1;1;1;1;3;1;1;1;1;1;1;1;3;3;1;1;3;1;1;3;1;1;1;1;1;3;3;3;1;1;1;1;1;1
1;3;1;1;1;1;1;1;1;1;1;1;1;1;3;1;1;1;1;1;1;1;1;1;1;1;1;1;1;1;1;1;1;3;1;3
1;1;1;3;1;3;1;1;2;1;1;1;1;1;3;2;3;1;3;1;1;1;1;1;3;1;1;1;1;3;1;1;1;1;1;1
1;1;1;1;1;1;1;1;1;1;1;1;1;1;1;3;1;1;3;1;1;1;1;3;1;3;1;1;1;3;1;1;3;1;1;1
1;3;1;1;1;1;1;1;1;1;3;1;1;1;1;1;1;3;3;1;1;1;1;1;1;1;1;1;1;2;1;1;1;1;1;1
1;1;1;3;1;3;3;1;1;1;3;1;3;1;1;1;1;1;1;3;1;1;3;3;1;3;1;1;1;3;1;1;1;1;1;3
1;2;1;1;1;1;1;1;1;3;1;3;1;1;1;1;1;1;1;3;1;3;1;1;1;1;1;1;1;1;3;1;1;1;1;1
1;1;1;1;1;1;1;1;1;3;1;3;1;3;1;3;1;1;1;1;1;1;1;3;1;1;1;1;1;1;1;1;1;1;1;3
1;1;1;2;1;2;1;1;1;1;1;1;1;1;1;3;1;1;1;1;1;1;3;1;1;1;3;1;1;1;1;1;1;1;1;3
1;3;1;1;1;1;1;1;1;1;3;1;1;1;1;3;1;3;1;1;3;1;1;1;1;1;1;1;1;3;3;3;3;1;1;1
1;3;1;1;3;1;1;3;1;1;1;1;2;1;1;1;1;3;3;1;3;1;1;1;1;1;1;1;1;1;1;1;1;3;1;3
1;1;1;1;1;1;3;1;1;1;3;1;1;3;3;3;3;3;3;1;1;1;1;1;1;3;1;1;3;3;1;1;1;3;1;1
1;3;1;1;1;1;1;1;1;1;3;1;1;1;1;3;1;1;1;1;1;3;1;3;1;1;1;1;2;2;1;1;1;2;1;1
1;1;1;1;3;1;1;3;1;1;1;1;1;1;1;3;3;1;3;1;1;1;1;1;1;1;1;1;3;3;1;1;1;3;1;3
1;1;1;1;1;1;3;1;1;1;1;1;1;1;1;1;1;1;3;3;1;3;1;3;3;1;1;3;3;1;1;1;1;1;1;3
1;1;1;1;1;1;3;1;1;2;1;2;1;1;1;3;3;1;3;1;1;1;1;3;1;1;1;1;3;2;1;1;3;1;1;1
1;1;3;1;1;1;3;1;1;1;1;1;3;1;3;2;1;1;1;1;1;3;3;1;1;1;1;1;1;1;3;1;1;1;1;1
1;3;1;1;1;1;3;1;1;1;1;1;1;1;3;3;1;3;1;1;3;1;1;1;1;3;1;1;3;3;1;1;1;3;1;3
1;1;1;1;1;1;1;1;1;1;3;1;1;1;1;2;3;3;3;1;1;1;1;1;3;3;1;1;1;1;1;1;1;3;1;2
1;3;1;1;1;1;3;1;1;1;1;1;2;1;3;3;1;1;3;1;3;1;1;3;2;1;1;1;1;3;3;3;2;1;1;1
1;3;1;1;1;1;1;1;1;3;1;3;1;3;3;2;2;3;3;1;1;1;1;1;3;1;1;3;3;1;1;1;3;1;3;1
1;1;1;3;1;3;1;1;1;1;1;1;3;3;1;1;3;2;3;1;3;1;1;3;1;1;1;3;1;3;3;3;3;1;1;1
1;1;1;1;3;1;1;3;1;1;2;1;1;1;1;3;1;2;1;1;3;3;3;3;1;1;1;1;1;1;1;1;1;3;1;2
1;3;1;1;1;1;1;1;3;1;1;1;1;1;3;2;1;1;1;1;1;1;3;3;1;1;1;1;3;2;1;1;3;3;1;1
1;1;1;1;3;1;1;3;1;1;3;1;1;3;1;2;1;1;1;1;1;3;1;3;1;3;1;2;3;3;1;1;1;1;1;1
1;1;3;1;1;1;1;1;1;1;1;1;1;1;1;1;1;1;3;1;1;1;3;1;1;1;1;1;1;3;3;1;1;1;1;1
1;3;1;1;1;1;1;1;1;1;2;1;1;1;1;1;1;1;1;3;1;1;1;1;3;1;3;1;3;3;1;1;1;3;1;1
1;1;1;3;1;3;1;1;3;1;1;1;1;1;1;3;1;3;1;1;3;3;1;1;1;3;1;1;1;1;3;3;3;1;1;1
1;1;1;1;3;1;1;3;1;1;3;1;1;1;1;1;1;3;3;1;1;1;1;1;1;3;1;1;1;1;1;1;1;3;1;3
1;1;1;1;3;1;1;3;1;1;3;1;1;1;1;3;1;1;1;3;1;1;3;1;1;1;3;1;2;2;1;1;3;3;1;1
1;1;1;1;1;1;1;1;1;1;1;1;1;1;1;3;1;3;1;1;3;1;1;3;1;1;3;1;3;2;1;1;3;1;1;1
1;1;1;1;1;1;1;1;1;1;2;1;1;3;1;3;1;1;1;3;1;3;1;1;1;1;3;1;3;2;1;1;3;1;1;1
1;1;1;1;3;1;3;3;1;1;1;1;1;1;1;3;1;1;3;1;3;1;1;1;1;1;1;1;1;1;1;1;1;1;1;3
1;1;1;1;1;1;1;1;1;3;1;3;1;1;1;1;1;3;3;1;1;1;1;2;1;1;1;1;1;1;2;3;3;1;1;1
1;1;3;3;1;3;3;1;1;1;3;1;1;3;1;3;1;1;1;3;1;3;1;1;3;1;3;1;3;2;3;1;1;1;1;1
1;1;3;1;3;3;1;3;3;1;3;1;1;1;1;1;1;3;1;3;3;1;1;3;3;1;1;1;1;1;1;1;3;1;1;3
1;1;1;3;1;3;1;1;1;1;1;1;1;1;3;3;1;1;1;1;1;1;1;3;1;3;3;1;1;1;1;1;1;1;1;3
1;1;1;1;1;1;2;1;3;1;1;1;1;1;1;3;1;3;1;1;1;1;3;3;1;1;3;1;2;2;1;1;1;3;1;1
1;1;1;1;3;1;1;3;1;1;1;1;1;1;3;1;1;1;3;1;3;1;3;1;3;1;1;1;3;3;3;1;1;3;1;1
1;3;1;1;1;1;1;1;1;1;1;1;1;1;3;3;1;1;3;1;1;1;1;3;3;1;1;1;1;3;3;1;3;1;1;1
1;1;1;1;3;1;1;3;1;3;1;3;1;1;3;3;1;1;3;1;3;1;1;1;3;1;1;1;1;1;1;1;3;1;1;1
1;1;1;1;1;1;1;1;3;1;1;1;1;3;2;2;3;3;1;1;1;1;1;3;1;3;1;2;3;3;1;1;1;1;1;1
1;3;3;1;1;1;3;1;1;3;1;3;1;1;1;1;1;1;3;1;3;1;3;2;1;3;3;1;3;3;1;1;3;1;1;1
1;3;1;1;1;1;1;1;1;1;1;1;1;1;1;1;1;1;3;3;1;1;1;1;3;1;1;1;1;3;1;1;1;1;1;3
1;1;3;1;3;1;1;3;1;1;3;1;1;1;1;1;1;1;3;1;1;1;1;1;3;3;3;1;3;2;1;1;1;1;1;1
1;1;1;3;1;3;1;1;1;1;1;1;1;1;1;1;1;1;1;1;1;3;1;3;1;3;1;1;1;1;1;1;1;1;1;2
1;1;1;3;1;3;1;1;1;1;3;1;1;1;3;2;3;1;3;1;1;1;1;1;1;1;2;1;2;2;1;1;1;1;1;1
1;1;3;1;1;1;3;1;1;1;1;1;1;1;3;3;1;3;1;1;3;3;1;1;3;1;3;1;1;1;1;1;1;1;1;1
1;1;1;1;1;1;3;1;1;1;1;1;2;1;1;2;1;1;1;1;1;1;1;3;3;3;1;3;2;3;1;1;1;3;1;1
1;1;1;3;1;3;3;1;3;1;1;1;1;1;1;3;1;3;1;1;1;3;1;3;1;1;1;1;1;3;2;3;3;1;1;1
1;1;1;1;1;1;1;1;1;1;2;1;1;1;1;1;1;3;1;1;1;3;1;3;1;1;1;1;1;3;1;1;1;1;1;3
1;1;3;1;3;3;1;3;1;1;3;1;1;1;1;1;1;1;1;3;1;1;1;3;1;1;1;1;3;3;1;1;1;2;1;3
1;1;3;1;3;1;1;3;3;1;1;1;1;1;1;1;1;1;2;1;1;1;3;1;1;1;1;1;2;2;1;1;1;2;1;1
1;1;1;1;1;1;3;1;1;1;1;1;1;1;1;1;1;1;2;1;1;1;3;3;1;1;1;1;1;1;3;2;3;1;1;1
1;1;2;1;3;3;1;2;1;1;1;1;3;1;3;3;1;1;3;1;3;1;1;1;1;1;1;1;3;3;1;1;3;3;1;1
1;1;3;1;1;1;3;1;1;1;1;1;1;3;1;2;1;1;1;1;1;1;1;1;1;1;1;1;1;3;1;1;1;1;1;1
1;1;3;1;3;3;3;3;1;1;1;1;1;3;1;3;1;1;1;1;1;1;1;3;1;1;3;1;3;2;3;1;1;1;1;1
1;1;1;3;1;3;1;1;1;3;1;3;1;1;3;3;1;3;1;1;3;1;1;1;1;1;1;1;1;3;1;3;3;1;3;1
1;1;1;1;1;1;1;1;1;1;1;1;1;1;3;1;1;1;3;1;3;1;1;1;3;1;2;1;3;3;1;1;1;1;1;1
1;1;3;1;1;1;1;1;1;1;3;1;1;1;1;3;3;3;3;1;3;1;3;1;1;1;1;1;1;1;1;3;3;1;3;1
1;1;1;1;1;1;1;1;3;1;1;1;1;1;3;1;1;3;1;1;3;1;1;1;1;1;3;1;1;1;3;3;3;1;1;1
1;1;1;1;2;1;1;2;3;1;1;1;1;1;1;1;1;3;1;1;1;3;1;3;1;1;1;1;1;1;1;1;1;2;1;2
1;3;1;1;1;1;1;1;1;1;1;1;1;1;1;3;1;1;1;1;1;1;3;1;1;1;3;1;1;3;1;1;3;1;3;1
1;1;1;3;1;3;1;1;1;3;1;3;1;1;1;1;1;1;3;1;1;1;1;1;1;3;1;1;3;3;1;1;1;3;1;3
1;3;1;1;1;1;1;1;1;1;1;1;1;1;1;1;1;3;1;1;3;1;1;1;1;3;1;1;3;3;1;1;1;1;1;1
1;3;1;1;1;1;1;1;1;3;1;3;1;1;1;3;3;1;3;1;1;1;3;3;1;1;1;1;1;3;1;1;1;1;1;1
1;1;1;1;1;1;3;1;1;1;3;1;3;1;1;1;1;1;2;1;3;1;1;1;1;1;3;1;3;3;1;1;1;1;1;1
1;3;1;1;1;1;1;1;1;1;1;1;1;3;1;3;1;3;1;1;3;1;1;1;3;1;2;1;3;3;1;1;1;1;1;1
1;1;1;1;1;1;1;1;1;1;3;1;1;1;1;3;3;1;3;1;1;1;1;3;3;1;1;1;1;3;1;1;1;1;1;1
1;3;1;1;3;1;1;3;1;1;3;1;3;1;1;1;1;1;1;1;1;1;1;1;1;1;1;1;1;1;1;1;3;3;3;3
1;1;3;1;1;1;1;1;1;1;1;1;1;1;1;1;1;1;3;1;1;1;3;3;3;1;1;1;1;1;2;3;3;1;1;1
1;1;1;3;1;3;1;1;1;1;1;1;1;1;1;1;1;3;1;1;3;1;1;1;3;1;1;1;1;1;1;1;1;3;1;3
1;1;3;1;1;1;3;1;1;1;3;1;1;1;1;1;1;3;3;1;3;3;1;3;3;3;1;3;1;3;1;1;1;3;1;3
1;1;3;1;2;3;1;2;1;3;1;3;1;1;1;3;1;1;1;1;1;1;1;1;1;1;1;1;1;1;1;1;1;1;1;3
1;3;1;1;1;1;1;1;1;1;3;1;1;1;1;1;1;3;1;3;3;1;3;1;1;1;1;1;1;1;1;1;1;3;1;2
1;1;1;1;1;1;1;1;1;1;1;1;1;1;1;1;1;1;3;3;1;1;1;1;1;3;1;1;1;1;1;3;1;3;1;3
1;1;1;1;1;1;1;1;1;1;3;1;1;1;1;1;1;3;1;1;1;1;1;1;1;1;1;1;1;3;3;1;1;1;1;3
1;3;1;1;1;1;3;1;1;1;3;1;1;1;1;1;1;1;1;3;1;1;3;3;3;1;3;1;3;3;1;1;1;3;1;1
1;3;1;1;1;1;1;1;1;1;3;1;1;1;1;3;1;2;1;1;1;1;3;1;1;1;3;1;3;3;1;1;3;1;1;1
1;1;3;3;1;3;1;1;1;1;1;1;1;1;3;1;1;1;1;3;1;3;1;1;1;1;1;1;2;2;1;1;1;2;1;1
1;3;1;1;1;1;3;1;1;1;3;1;1;1;3;2;1;1;1;1;1;1;1;1;3;1;1;1;1;3;1;1;3;1;3;3
1;1;1;3;3;3;1;3;1;1;1;1;1;1;1;3;1;1;1;1;1;3;3;3;1;1;1;1;1;1;1;1;3;3;3;3
1;1;1;3;1;3;1;1;3;1;1;1;1;1;1;1;1;1;2;1;1;1;3;3;3;1;1;1;1;3;1;1;1;3;1;3
1;1;1;1;1;1;1;1;3;1;1;1;1;1;1;1;1;3;3;1;3;3;3;1;1;1;3;1;3;3;1;1;3;1;1;3
1;1;3;1;3;3;3;3;1;1;1;1;1;3;3;2;3;3;1;1;1;3;1;1;3;1;3;1;3;2;3;1;3;1;1;1
1;1;3;1;3;1;1;3;1;1;1;1;1;1;1;2;3;3;3;1;1;1;1;1;1;1;1;1;1;1;1;3;1;1;1;1
1;1;1;1;3;1;1;3;3;3;1;3;1;1;1;1;1;1;2;1;3;1;1;2;1;1;1;3;1;3;1;1;1;1;1;1
1;1;1;3;1;3;3;1;1;1;1;1;3;1;1;3;1;1;1;1;1;1;1;1;1;1;1;3;3;2;1;1;1;3;1;1
1;3;1;1;1;1;1;1;1;1;1;1;3;1;1;3;1;3;1;1;1;3;1;1;3;1;3;3;3;2;1;1;1;1;1;1
1;1;1;1;1;1;1;1;1;3;1;3;3;3;3;2;3;2;1;1;1;1;1;1;1;1;1;1;1;1;3;3;3;1;1;3
1;1;1;1;1;1;3;1;1;1;1;1;1;1;1;1;1;1;3;1;1;1;1;1;1;1;1;1;1;1;1;1;1;1;1;3
1;1;3;1;1;1;2;1;1;1;3;1;1;1;1;3;3;1;2;1;3;3;1;1;1;1;1;1;1;3;1;1;3;1;1;3
1;3;3;1;1;1;3;1;1;1;1;1;1;1;1;1;1;3;1;1;3;3;3;3;1;1;1;1;1;3;3;3;2;1;1;1
1;1;3;1;1;1;3;1;1;1;1;1;1;1;1;3;1;3;1;1;1;1;3;1;3;1;1;1;1;1;3;3;3;1;1;1
1;1;1;1;1;1;1;1;1;3;1;3;1;1;1;1;1;1;1;3;1;1;1;1;1;3;1;1;1;3;1;1;3;1;1;1
1;1;3;1;1;1;3;1;3;1;1;1;1;1;1;3;1;3;3;1;1;1;1;1;3;1;1;2;2;1;1;1;1;1;1;1
1;1;2;1;1;1;2;1;1;1;1;1;1;1;1;3;1;1;1;1;1;3;1;1;3;1;1;1;3;3;1;1;1;3;1;1
1;1;1;1;1;1;1;1;1;1;3;1;1;1;1;1;1;3;1;1;1;1;1;1;1;1;1;1;1;3;1;1;3;3;3;3
1;3;1;1;1;1;3;1;1;1;1;1;1;1;1;1;1;1;1;1;1;1;1;1;3;1;1;1;1;3;1;1;1;1;1;1
1;3;1;1;1;1;1;1;1;3;1;3;1;3;1;2;1;3;1;1;1;1;1;3;1;1;3;1;1;1;1;1;1;1;1;1
1;3;1;3;1;3;1;1;3;1;1;1;1;3;1;3;3;2;3;1;1;1;1;3;1;3;1;1;1;2;1;1;1;1;1;1
1;1;1;3;3;3;1;3;1;1;3;1;1;1;1;3;1;2;1;1;3;1;1;1;1;2;1;1;1;1;1;1;1;1;1;3
1;1;3;1;3;3;3;3;3;1;1;1;1;1;1;3;1;3;3;1;3;1;3;1;1;1;1;1;1;1;3;1;1;1;1;1
1;3;1;1;1;1;1;1;3;1;1;1;1;1;3;1;1;1;3;1;1;1;3;1;1;1;1;1;1;3;3;3;2;1;3;1
1;1;3;1;1;1;1;3;1;1;3;1;1;1;1;1;1;1;1;1;1;1;1;1;3;1;3;1;1;1;1;1;1;1;1;1
1;1;1;1;1;1;1;1;1;3;1;3;1;1;1;3;1;1;1;1;1;1;1;1;1;1;1;1;3;3;1;1;1;3;1;3
1;1;1;1;3;1;1;3;1;1;3;1;1;1;1;3;1;3;3;1;1;1;3;1;1;1;1;1;1;3;1;1;3;3;1;3
1;1;1;3;1;3;3;1;1;2;1;2;1;1;1;1;1;1;2;1;3;1;1;1;1;3;1;1;1;1;1;1;1;3;1;3
1;1;1;1;1;1;1;1;1;3;1;3;3;1;1;3;1;3;1;1;1;1;1;3;1;1;1;1;1;2;1;1;3;1;1;1
1;1;1;3;1;3;1;1;1;3;3;3;1;1;3;2;1;1;1;1;1;1;1;1;2;1;1;1;1;1;1;1;3;1;3;1
1;1;1;1;3;1;1;3;1;1;1;1;3;1;1;1;1;1;1;2;1;1;1;3;1;1;1;1;1;1;1;1;1;3;1;3
1;3;1;1;1;1;1;1;3;1;1;1;1;1;1;2;3;1;3;1;1;1;1;3;1;1;3;1;1;1;1;1;1;1;1;1
1;1;3;1;1;1;3;1;1;3;1;3;3;1;1;1;1;1;1;3;1;1;1;1;1;1;3;1;1;3;1;1;1;1;1;1
1;1;3;1;3;1;3;3;1;1;1;1;3;1;1;3;1;3;3;1;1;1;1;1;1;1;1;1;1;1;1;3;1;1;1;1
1;1;1;1;1;1;1;1;3;1;1;1;1;1;3;3;1;1;1;1;1;1;1;1;1;1;1;1;3;3;1;1;3;3;1;1
1;1;3;1;1;1;1;3;1;1;1;1;1;1;1;2;1;1;1;1;1;1;1;3;1;1;3;1;3;3;1;1;1;3;1;3
1;3;1;1;1;1;1;1;1;1;1;1;1;1;1;3;1;3;1;1;1;1;3;3;3;1;3;1;1;1;1;1;1;3;1;3
1;1;3;1;1;1;1;1;3;1;1;1;1;1;1;1;1;3;3;1;1;3;1;3;3;3;1;1;3;3;1;3;1;1;1;1
1;1;1;1;3;1;1;3;1;1;1;1;1;1;1;2;3;3;3;1;1;1;1;3;1;2;3;3;2;3;1;1;3;1;1;1
1;1;3;1;1;1;3;1;3;1;1;1;1;1;1;3;3;1;3;1;1;1;1;3;1;3;1;3;3;3;3;1;1;1;1;1
1;1;1;3;1;3;1;1;1;3;1;3;1;1;1;1;1;1;3;1;3;1;3;1;3;1;1;3;3;1;1;1;1;1;1;1
1;1;1;3;3;3;1;3;3;1;1;1;1;1;1;1;1;1;3;1;3;1;1;1;2;1;3;1;3;2;3;1;3;1;1;1
1;3;1;1;1;1;3;1;1;1;1;1;1;1;1;1;1;1;3;1;1;1;2;1;1;1;1;1;3;2;1;1;1;1;1;1
1;1;3;1;1;1;1;1;1;1;1;1;1;1;1;1;1;1;1;1;1;1;1;3;1;1;1;3;3;1;3;3;3;1;1;1
1;1;1;1;1;1;1;1;1;1;1;1;3;1;1;1;1;1;3;1;3;1;3;1;1;1;3;1;3;3;1;1;3;3;1;3
1;3;1;1;1;1;1;1;1;1;3;1;1;1;1;1;1;3;1;3;3;1;1;1;1;1;1;1;1;3;3;1;1;1;1;1
1;3;1;1;1;1;1;1;1;3;1;3;1;1;1;1;1;1;3;1;3;1;1;3;1;1;1;1;3;3;1;1;1;3;1;3
1;3;1;1;1;1;1;1;1;1;1;1;1;1;1;1;1;3;3;1;3;1;3;3;1;1;3;1;3;3;1;3;3;1;1;1
1;1;1;1;1;1;3;1;1;3;1;3;1;1;1;3;1;2;1;1;3;1;1;3;1;1;1;1;3;3;1;3;1;3;1;1
1;3;1;1;1;1;3;1;1;1;1;1;3;3;1;3;1;1;3;1;1;1;1;1;1;1;1;1;3;3;1;1;1;3;1;3
1;3;1;1;1;1;1;1;1;1;1;1;1;1;1;1;1;1;3;1;1;1;1;2;1;1;1;3;3;1;3;3;3;1;1;1
1;3;1;1;1;1;1;1;1;1;3;1;1;1;1;1;1;1;1;1;1;3;1;3;1;3;1;1;1;1;1;1;1;1;1;2
1;1;1;1;1;1;1;1;3;1;1;1;1;1;3;1;1;1;1;3;1;3;1;3;1;3;3;1;3;3;1;3;1;1;1;1
1;3;1;1;1;1;3;1;3;1;3;1;1;1;1;1;1;3;3;1;3;1;1;1;2;1;1;1;1;3;1;1;1;1;1;1
1;3;1;1;1;1;3;1;1;1;1;1;1;1;3;3;1;1;1;1;1;1;1;3;1;2;1;1;3;3;1;1;3;1;3;1
1;3;1;1;1;1;1;1;3;1;1;1;1;1;1;3;1;1;1;1;1;1;1;3;3;1;1;1;1;1;1;1;1;1;1;2
1;1;3;1;1;1;1;1;1;1;1;1;1;1;3;3;1;1;3;1;3;1;1;1;3;1;1;1;1;1;3;1;1;1;1;1
1;1;3;1;1;1;3;1;1;1;3;1;3;1;1;3;3;1;2;1;1;1;1;1;1;3;1;1;1;1;3;3;1;1;1;1
1;1;1;1;1;1;1;1;1;1;1;1;1;3;2;3;3;3;1;1;1;1;1;3;1;3;3;1;1;1;3;3;3;1;1;1
1;1;1;3;1;3;1;1;1;1;1;1;1;1;1;3;1;1;3;1;1;1;1;1;3;3;1;1;1;1;1;1;1;3;1;2
1;3;3;3;1;1;1;3;3;1;3;1;1;1;1;1;1;3;1;1;3;1;1;1;1;1;1;3;3;2;1;1;1;1;1;1
1;1;1;3;1;3;1;1;1;3;1;3;1;1;1;3;1;3;1;1;1;1;1;3;3;1;1;1;1;3;3;1;1;1;1;3
2;1;2;1;3;3;1;3;1;3;1;3;3;1;3;1;1;3;1;1;3;1;3;3;1;3;1;1;3;2;3;1;1;3;1;1
2;1;2;1;3;3;3;3;3;1;3;1;1;1;1;3;1;3;1;1;1;1;1;2;3;3;1;1;3;2;1;1;3;3;1;1
2;3;3;3;1;1;1;3;1;1;1;1;1;2;2;2;2;2;1;1;1;1;1;3;1;1;1;1;3;2;3;1;1;3;1;1
2;3;3;3;1;1;1;3;1;1;1;1;3;1;1;1;1;3;3;1;1;3;1;3;1;1;3;1;2;2;1;1;1;1;1;1
2;1;3;1;3;3;3;3;1;1;3;1;1;3;1;3;1;3;1;1;1;1;3;3;3;1;3;1;3;2;1;1;3;1;1;1
2;1;3;1;1;1;3;1;1;1;1;1;1;1;3;2;1;3;1;1;1;3;1;3;1;3;3;1;2;2;1;1;3;3;1;1
2;1;3;1;3;3;3;3;3;1;1;1;1;1;1;3;1;3;1;1;3;3;1;3;1;1;1;1;3;2;1;1;1;3;1;1
2;1;3;1;3;3;1;3;1;1;3;1;1;3;1;3;1;3;1;1;3;1;1;3;1;3;1;1;1;2;1;1;3;1;1;1
2;1;3;1;1;1;1;1;1;1;3;1;1;1;1;1;1;3;1;1;1;1;1;3;3;1;1;1;2;2;1;1;1;3;1;1
2;1;2;1;3;3;3;3;1;1;1;1;1;1;3;1;1;3;1;1;1;2;1;3;1;1;1;1;3;2;1;1;1;3;1;1
2;1;3;1;1;1;1;3;3;1;1;1;1;1;1;3;1;2;1;1;3;1;1;3;1;1;3;1;3;2;1;1;3;1;1;1
2;1;3;1;3;3;3;3;1;3;1;3;1;1;3;2;1;3;1;1;1;3;1;3;1;1;3;1;3;2;1;1;3;1;1;1
2;3;3;1;1;1;3;1;1;3;1;3;3;1;1;1;1;3;1;1;1;1;1;2;3;1;3;1;2;2;1;1;1;1;1;1
2;3;3;3;1;1;1;3;1;1;1;1;3;2;1;1;2;2;2;1;1;1;1;3;1;1;1;1;3;2;3;1;1;1;1;1
2;1;3;1;1;1;1;3;1;1;1;1;1;1;3;2;1;3;1;1;1;1;1;3;1;1;1;1;3;2;1;1;3;3;3;1
2;3;3;1;3;3;1;3;3;3;1;3;1;1;1;1;1;3;1;1;3;1;3;3;1;1;1;1;3;2;3;1;1;3;1;1
2;1;3;3;1;3;1;1;1;3;1;3;1;1;1;1;1;3;1;1;3;3;1;3;1;1;1;1;1;2;1;1;3;1;1;1
2;1;3;1;1;1;1;3;1;1;3;1;1;3;3;3;3;3;1;1;1;1;1;3;3;1;1;1;1;2;1;1;2;1;1;1
2;1;3;1;1;1;3;1;1;1;1;1;1;3;1;1;3;2;3;1;3;1;3;3;1;3;1;2;1;2;1;1;1;1;1;1
2;1;3;1;1;1;1;3;1;1;3;1;3;1;1;1;1;2;1;1;3;1;3;3;1;1;3;1;3;2;1;1;1;1;1;1
2;1;2;1;3;3;1;3;1;1;3;1;1;1;1;1;1;2;1;1;3;1;3;3;1;1;1;1;2;2;1;1;1;3;1;1
2;1;3;1;1;1;3;1;1;1;3;1;1;1;3;3;1;3;1;1;1;2;1;3;1;1;3;1;2;2;1;1;3;3;1;1
2;1;3;1;3;3;3;3;1;3;1;3;1;1;1;1;1;3;3;1;2;1;3;3;1;3;1;1;3;2;3;1;1;1;1;1
2;1;3;1;3;3;1;3;1;1;1;1;3;1;1;3;3;3;3;1;3;3;1;3;1;1;1;1;3;2;1;1;3;1;1;1
2;3;3;1;1;1;1;1;1;1;1;1;1;3;1;1;3;3;2;1;1;1;1;3;1;1;1;1;3;2;1;1;1;1;1;1
2;1;2;1;3;3;1;3;1;1;1;1;3;1;1;1;1;3;3;1;1;1;3;3;1;1;3;1;3;2;1;1;2;1;3;1
2;1;3;1;1;1;2;1;1;1;3;1;1;3;1;1;3;3;2;1;1;3;1;3;1;3;1;3;1;2;1;1;1;1;1;1
2;3;3;1;1;1;3;1;3;1;1;1;1;1;1;3;3;3;3;1;1;3;1;2;1;2;1;1;2;2;1;1;1;1;1;1
2;1;3;3;1;3;1;3;3;1;1;1;1;1;1;2;3;3;3;1;1;1;3;3;1;1;1;1;3;2;1;1;1;1;1;1
2;3;3;1;1;1;3;1;1;3;1;3;1;3;1;3;3;2;3;1;1;1;1;3;3;1;3;1;3;2;1;1;1;1;1;1
2;1;2;1;1;1;3;1;1;1;1;1;1;1;1;2;3;3;3;1;1;1;1;3;1;1;3;1;2;2;1;1;1;1;1;1
2;1;3;1;1;1;3;1;1;1;1;1;1;3;3;3;3;3;1;1;1;1;1;2;3;1;1;1;3;2;1;1;3;3;1;1
2;1;3;3;1;3;3;1;1;1;3;1;1;1;1;1;1;3;1;1;1;1;1;3;1;3;1;3;3;2;1;1;1;3;1;1
2;1;3;1;1;1;3;1;1;1;1;1;1;1;1;1;1;3;3;1;3;1;1;3;2;1;1;1;2;2;1;1;1;2;1;1
2;1;3;1;3;3;1;3;1;1;1;1;1;1;1;3;1;3;1;1;1;1;1;3;1;1;3;1;3;2;1;1;1;1;1;1
2;1;3;1;1;1;1;1;1;1;1;1;1;1;1;3;3;3;3;1;1;3;1;3;1;1;1;3;1;2;1;1;1;1;1;1
2;3;3;1;1;1;3;1;3;1;1;1;1;1;1;1;1;3;3;1;2;1;3;3;3;1;1;1;3;2;1;1;3;1;3;1
2;1;3;1;3;3;1;3;1;1;1;1;1;3;3;3;3;3;1;1;1;1;1;2;1;1;3;1;2;2;1;1;3;3;1;1
2;1;3;1;1;1;3;1;1;1;3;1;1;1;3;1;1;3;1;1;1;1;1;3;3;1;1;1;1;2;2;1;1;1;1;1
2;1;3;1;2;3;1;2;1;1;3;1;1;1;1;1;1;3;3;1;3;3;3;3;1;3;1;3;1;2;3;1;1;1;1;1
2;1;3;1;1;1;1;1;1;1;1;1;3;3;3;2;2;3;3;1;1;3;1;3;1;3;3;1;3;2;3;1;1;1;1;1
2;1;3;1;1;1;1;1;1;1;1;1;3;1;1;1;1;3;1;1;1;1;1;3;3;1;1;1;1;2;1;1;1;1;1;1
2;3;3;3;1;1;1;3;1;1;1;1;1;1;1;3;1;3;1;3;1;1;1;3;1;1;1;1;3;2;1;1;1;1;1;1
2;1;3;3;1;3;1;3;1;1;3;1;1;3;3;2;2;3;3;1;1;1;1;3;3;1;1;1;2;2;1;1;1;3;1;1
2;1;3;1;1;1;1;1;1;3;1;3;1;3;1;1;3;2;3;1;1;1;3;3;1;3;1;1;3;2;1;1;1;1;1;1
2;1;3;1;2;3;1;2;1;1;2;1;1;1;1;1;1;3;1;1;1;1;1;2;1;3;1;1;2;2;1;1;1;1;1;1
2;1;3;1;3;3;1;3;1;1;1;1;1;1;1;3;1;3;3;1;3;1;1;3;3;3;1;3;1;2;1;1;3;1;3;1
2;1;3;1;1;1;1;3;1;1;1;1;1;3;3;3;3;3;3;1;1;1;1;3;1;1;1;3;1;2;3;1;1;1;1;1
2;3;3;1;1;1;3;1;1;3;1;3;1;1;1;1;1;3;3;1;3;1;3;3;1;1;3;1;3;2;1;1;3;1;1;1
2;1;3;1;3;1;1;2;1;3;1;3;1;1;1;3;1;3;3;1;1;1;3;3;1;1;1;1;1;2;1;1;1;1;1;1
2;1;3;1;1;1;1;1;3;1;1;1;1;1;1;3;1;3;3;1;3;3;1;3;3;1;1;3;1;2;1;1;1;1;1;1
2;1;3;1;1;1;1;1;1;1;1;1;3;3;3;3;3;2;1;1;3;1;2;2;1;1;3;1;3;2;3;1;1;1;1;1
2;3;3;1;1;1;1;1;1;1;1;1;3;3;3;3;3;3;1;1;1;1;3;3;3;1;1;1;1;2;3;1;3;1;1;1
2;1;2;1;3;3;1;3;1;1;1;1;1;3;3;3;3;3;1;3;1;3;1;3;1;1;3;1;3;2;1;1;3;1;1;1
2;3;3;3;3;1;1;2;1;1;1;1;1;1;1;3;1;3;1;1;1;1;1;3;3;1;1;1;3;2;3;1;1;3;1;1
2;3;3;3;3;1;1;2;1;1;2;1;1;1;3;2;1;3;1;1;1;1;3;2;1;3;1;1;3;2;1;1;1;3;1;1
2;1;3;1;1;1;1;3;1;1;1;1;1;3;3;3;3;3;3;1;1;1;1;3;1;3;3;1;3;2;1;1;2;1;3;1
2;1;3;1;1;1;3;3;1;1;3;1;1;3;1;1;3;3;3;3;1;1;1;3;3;1;1;1;2;2;1;1;1;3;1;1
2;1;3;1;1;1;1;1;1;1;1;1;1;2;1;1;2;2;2;1;1;1;3;3;1;1;1;1;3;2;1;1;1;3;1;1
2;1;3;1;1;1;3;1;1;1;1;1;3;1;3;2;1;3;1;1;1;1;1;3;1;1;3;1;3;2;1;1;3;1;1;1
2;1;3;3;1;3;3;1;1;1;1;1;1;1;1;1;1;3;1;1;1;1;1;3;3;1;1;1;2;2;1;1;1;3;1;1
2;1;3;1;3;1;3;3;1;1;3;1;1;3;1;3;1;3;1;1;1;1;3;3;3;1;3;1;3;2;1;1;3;1;1;1
2;1;3;1;3;1;3;3;3;1;1;1;1;3;3;3;3;3;1;1;1;1;3;3;1;1;1;3;3;2;1;1;1;3;1;1
2;3;3;1;3;3;1;3;1;1;3;1;1;1;1;1;1;2;1;1;3;1;3;2;1;1;1;1;3;2;1;1;1;3;1;1
2;1;3;1;1;1;3;1;1;1;1;1;1;1;1;2;1;3;1;1;1;3;1;2;3;1;3;1;2;2;1;1;3;1;1;1
2;1;3;1;1;1;1;1;1;1;3;1;3;1;3;2;1;3;1;1;1;3;3;3;1;1;1;1;1;2;1;1;3;1;1;1
2;1;3;1;3;3;1;3;1;1;2;1;1;1;1;1;1;2;1;1;2;1;1;3;1;1;3;3;3;2;1;1;1;1;1;1
2;1;3;1;1;1;1;1;1;1;3;1;1;1;3;2;1;3;1;1;1;3;1;2;1;1;1;1;1;2;3;1;3;1;1;1
2;1;3;1;3;1;1;2;1;1;1;1;1;1;1;1;1;3;1;1;1;1;1;2;1;3;1;1;2;2;1;1;1;1;1;1
2;3;3;3;1;1;1;3;1;1;1;1;1;1;1;3;1;3;1;1;3;1;1;3;1;1;1;1;3;2;1;1;1;1;1;1
2;1;2;1;3;3;1;3;1;1;1;1;1;3;1;3;1;3;1;1;1;1;1;3;1;3;1;1;3;2;3;1;1;3;1;1
2;1;3;1;1;1;3;3;1;1;1;1;3;3;3;3;3;2;1;1;3;1;1;3;1;3;1;1;3;2;1;1;1;3;1;1
2;1;3;1;1;1;3;1;1;3;1;3;1;3;3;3;3;3;1;1;1;3;1;3;1;1;3;1;2;2;1;1;3;3;1;1
2;3;3;3;3;1;1;2;1;1;3;1;1;1;3;3;1;3;1;1;3;3;1;3;1;3;1;1;1;2;1;1;1;1;1;1
2;3;3;1;1;1;3;1;1;1;1;1;1;1;1;2;1;2;1;1;1;1;1;3;3;1;1;1;1;2;1;1;3;1;3;1
2;1;3;1;1;1;1;3;1;3;3;3;1;1;1;1;1;3;1;3;1;1;1;3;3;3;1;1;3;2;1;1;1;1;1;1
2;1;3;1;1;1;1;3;1;1;1;1;1;1;3;1;1;3;1;1;3;1;3;3;1;1;1;3;1;2;3;1;1;1;1;1
2;1;3;1;1;1;3;1;1;1;1;1;3;1;1;3;3;3;3;1;3;1;3;3;1;3;1;3;3;2;1;1;1;3;1;1
2;1;3;1;3;3;1;3;1;1;1;1;1;1;1;3;1;3;1;3;1;1;1;2;1;1;3;1;3;2;3;1;1;1;1;1
2;1;2;1;1;1;1;1;3;1;1;1;3;3;3;3;3;3;3;1;1;1;2;3;1;1;1;1;1;2;1;1;3;1;1;1
2;1;3;3;1;3;1;3;1;1;1;1;3;1;1;2;1;3;1;1;1;3;1;3;3;3;3;1;2;2;1;1;3;3;1;1
2;3;3;1;1;1;1;1;1;1;1;1;3;1;1;1;1;3;3;1;3;1;1;3;1;3;1;1;1;2;3;1;1;1;1;1
2;1;3;1;1;1;3;1;1;1;1;1;2;1;1;3;1;3;1;1;1;1;1;3;1;1;1;1;1;2;3;1;3;1;1;1
2;1;3;3;3;2;1;3;1;1;3;1;1;1;1;1;1;3;1;1;1;1;1;3;1;1;1;1;1;2;2;1;1;1;1;1
2;1;3;1;1;1;1;1;1;1;3;1;1;1;1;1;1;3;1;1;3;1;3;3;3;1;1;1;3;2;3;1;1;1;1;1
2;1;3;1;3;3;1;3;1;1;3;1;1;1;1;3;1;3;3;1;3;1;3;3;1;1;1;1;3;2;1;1;1;3;1;1
2;1;3;3;1;3;3;1;1;1;3;1;3;3;1;1;3;2;3;1;1;1;3;3;1;1;3;1;3;2;3;1;1;1;1;1
2;1;3;1;1;1;1;3;1;1;1;1;3;1;1;3;1;3;1;1;1;1;3;3;1;1;3;3;3;2;1;1;3;1;1;1
2;1;3;1;3;1;1;2;1;1;1;1;1;1;1;1;1;3;3;1;3;1;1;3;1;3;1;1;1;2;3;1;1;1;1;1
2;1;3;1;1;1;2;1;1;1;1;1;1;3;1;2;1;3;1;1;1;1;3;3;1;1;1;1;3;2;1;1;3;1;3;1
2;1;3;1;1;1;1;1;1;1;1;1;1;1;1;3;1;3;3;1;3;1;1;3;2;1;1;1;3;2;3;1;1;3;1;1
2;1;3;1;3;3;1;3;1;1;3;1;1;1;1;1;1;3;1;1;1;1;1;3;1;1;1;3;1;2;1;1;1;1;1;1
2;1;3;1;3;3;1;3;1;1;1;1;1;1;1;1;1;3;3;1;1;3;1;2;3;1;1;1;3;2;1;1;1;1;1;1
2;1;3;3;1;3;3;1;1;3;1;3;3;1;1;1;1;3;3;1;2;1;3;3;1;1;2;1;2;2;1;1;2;1;1;1
2;1;3;1;1;1;1;3;1;1;1;1;3;1;3;3;1;3;1;1;1;1;1;3;2;1;1;1;1;2;1;1;2;1;1;1
2;3;3;1;1;1;1;3;1;1;3;1;1;1;1;3;1;2;1;1;3;1;1;3;3;1;1;1;3;2;3;1;1;1;1;1
2;3;2;3;3;3;1;2;1;1;3;1;1;1;1;1;1;3;1;1;1;3;1;2;1;3;1;3;1;2;1;1;1;1;1;1
2;1;3;1;1;1;1;1;1;1;1;1;1;1;1;1;1;3;3;1;3;1;1;3;2;1;1;1;2;2;1;1;1;1;1;1
2;1;3;3;3;2;1;3;1;3;1;3;3;1;1;1;1;3;1;1;3;1;3;3;1;1;1;1;3;2;1;1;3;1;1;1
2;1;3;1;1;1;1;1;1;1;1;1;1;1;1;1;1;2;1;1;3;1;3;2;1;1;2;1;2;2;1;1;3;1;1;1
2;1;3;3;1;3;1;1;1;3;1;3;1;3;3;3;3;3;1;1;1;1;3;3;1;1;1;1;1;2;3;1;1;1;1;1
2;1;3;1;1;1;3;1;1;1;1;1;1;3;1;3;1;3;1;1;3;3;1;3;1;3;1;3;3;2;1;1;1;3;1;1
2;1;2;1;1;1;3;1;1;1;2;1;1;1;1;1;1;3;3;1;3;1;1;3;1;1;3;1;2;2;1;1;1;3;1;1
2;1;3;1;1;1;3;1;3;1;1;1;1;1;1;3;1;3;1;1;1;1;3;3;1;1;1;1;1;2;2;1;1;1;1;1
2;1;3;1;1;1;3;1;1;3;1;3;1;1;1;3;1;3;1;1;1;1;1;3;3;1;1;1;3;2;3;1;1;3;1;1
2;1;3;1;1;1;1;1;3;1;1;1;1;3;3;3;3;2;1;1;1;1;1;3;1;3;1;1;3;2;1;1;1;1;1;1
2;1;3;1;1;1;1;1;1;3;1;3;3;1;1;3;1;3;1;1;1;1;1;3;1;3;1;1;3;2;3;1;1;3;1;1
2;1;3;1;1;1;3;3;1;1;1;1;3;1;1;1;1;3;3;1;3;1;1;3;3;3;1;1;3;2;3;1;1;3;1;1
2;3;3;1;1;1;1;1;1;1;3;1;1;1;1;1;1;3;1;3;1;1;3;3;1;1;1;1;3;2;3;1;1;3;1;1
2;1;3;1;1;1;1;1;1;1;3;1;1;1;1;3;1;3;1;3;1;3;3;3;1;1;1;1;1;2;1;1;2;1;3;1
2;1;3;1;1;1;1;1;1;1;1;1;1;1;1;3;3;3;3;1;1;1;3;2;3;1;1;1;3;2;1;1;1;3;1;1
2;1;3;1;1;1;2;1;3;1;1;1;1;1;1;1;1;3;1;3;1;1;1;3;1;3;1;1;3;2;1;1;3;3;1;1
2;1;3;1;3;3;1;3;1;1;1;1;1;1;1;1;1;3;3;1;3;1;1;3;3;1;1;1;3;2;1;1;3;1;1;1
2;1;3;1;3;3;1;3;1;3;1;3;1;3;1;3;1;3;1;1;3;1;1;3;3;3;1;1;3;2;3;1;1;3;1;1
2;3;3;3;1;1;1;3;1;1;1;1;1;3;1;1;3;3;3;1;1;1;1;3;1;1;1;1;3;2;1;1;1;1;1;1
2;1;3;1;1;1;3;1;3;1;1;1;1;3;3;2;3;3;1;1;1;1;1;3;1;1;3;1;2;2;1;1;1;3;1;1
2;1;3;1;1;1;3;1;1;1;1;1;1;1;3;1;1;3;1;1;3;1;1;3;1;3;3;1;3;2;3;1;3;1;1;1
2;1;3;1;3;3;1;3;1;1;1;1;1;1;1;1;1;3;3;1;3;1;1;2;3;1;1;1;2;2;1;1;1;1;1;1
2;1;3;1;1;1;3;1;1;1;1;1;1;1;1;2;3;3;3;1;1;1;1;3;1;1;1;3;1;2;1;1;1;1;1;1
2;1;3;1;3;3;3;3;1;3;1;3;1;1;3;3;1;3;1;1;1;3;1;3;3;3;1;1;1;2;1;1;1;1;1;1
2;1;3;1;1;1;3;1;1;1;3;1;1;1;1;3;3;3;3;1;3;1;3;3;3;1;2;1;2;2;1;1;1;1;1;1
2;1;2;1;1;1;1;1;1;1;2;1;1;3;3;3;3;3;3;1;1;1;3;3;3;1;1;1;2;2;1;1;1;2;1;1
2;1;2;1;3;3;1;3;1;1;3;1;3;1;1;3;1;2;1;1;1;1;1;3;1;3;3;1;2;2;1;1;1;3;1;1
2;1;3;1;1;1;1;3;1;1;1;1;3;3;1;1;3;2;3;1;3;1;3;3;1;1;1;1;3;2;1;1;3;3;3;1
2;1;3;1;1;1;3;1;1;1;1;1;1;1;1;1;1;3;1;1;1;1;1;3;3;1;3;1;3;2;3;1;1;1;1;1
2;1;3;1;1;1;1;1;3;1;1;1;1;1;1;3;1;3;3;1;1;1;1;3;3;1;3;1;3;2;1;1;1;1;1;1
2;1;3;1;1;1;2;1;1;3;1;3;1;1;1;1;1;3;1;1;3;1;1;3;1;1;3;1;3;2;1;1;3;1;1;1
2;3;3;1;1;1;3;1;1;3;1;3;1;3;3;2;3;3;1;1;1;1;3;3;3;1;1;1;3;2;1;1;1;3;1;1
2;3;3;1;1;1;1;1;1;3;1;3;1;1;1;1;1;3;1;1;3;1;2;3;1;1;1;1;1;2;3;1;1;1;1;1
2;1;3;1;1;1;2;1;1;1;3;1;1;1;1;1;1;3;1;3;1;1;3;2;3;1;1;1;2;2;1;1;1;1;1;1
2;3;3;1;3;3;1;3;3;1;1;1;1;1;1;1;1;3;1;1;3;3;1;3;1;3;1;1;3;2;3;1;1;1;1;1
2;1;3;1;3;3;1;3;1;1;3;1;1;1;1;1;1;3;1;1;1;3;3;3;1;1;1;3;3;2;1;1;1;3;1;1
2;1;3;1;1;1;1;1;1;1;1;1;1;1;3;3;1;3;1;1;1;3;1;3;3;1;1;1;1;2;3;1;1;1;1;1
2;1;3;1;1;1;1;1;1;1;3;1;1;1;1;1;1;3;1;1;1;1;1;3;1;3;1;1;1;2;1;1;3;1;1;1
2;1;2;1;1;1;1;3;1;1;3;1;1;1;1;1;1;2;1;1;1;1;1;3;3;1;1;1;3;2;1;1;1;3;1;1
2;1;3;1;1;1;3;1;1;1;3;1;1;1;1;3;1;2;1;1;1;3;1;3;1;3;3;1;3;2;3;1;3;1;1;1
2;1;3;1;1;1;1;1;3;1;3;1;1;1;1;1;1;3;1;3;1;1;1;3;2;1;1;3;3;2;1;1;1;3;1;1
2;1;2;1;1;1;3;3;1;2;1;2;1;3;1;1;3;3;3;1;1;1;1;3;1;1;1;3;1;2;1;1;1;1;1;1
2;3;3;1;3;3;1;3;1;1;3;1;1;1;1;3;1;3;1;1;1;3;1;3;3;1;3;1;2;2;1;1;3;3;1;1
2;1;3;1;1;1;1;1;1;1;1;1;3;3;1;1;3;3;3;1;1;3;1;3;3;1;1;1;3;2;3;1;1;1;1;1
2;3;3;1;1;1;1;3;3;1;1;1;1;1;1;1;1;3;1;1;1;1;1;3;1;1;1;3;1;2;3;1;1;1;1;1
2;1;3;1;1;1;2;1;1;1;1;1;3;1;1;3;1;3;1;1;3;1;1;3;3;1;1;1;3;2;1;1;1;1;1;1
2;1;3;1;1;1;1;1;1;1;1;1;1;3;2;2;3;3;1;1;1;1;3;3;1;1;3;1;3;2;1;1;1;1;1;1
2;1;3;1;1;1;1;3;1;1;1;1;3;3;1;3;2;3;2;1;1;3;1;3;1;1;3;1;2;2;1;1;1;1;1;1
2;1;2;1;3;3;1;3;1;1;3;1;1;1;1;1;1;3;3;1;3;1;3;3;3;1;3;1;3;2;3;1;1;1;1;1
2;2;3;3;1;1;1;3;3;1;1;1;1;1;1;3;1;3;1;1;1;1;3;3;1;1;3;1;3;2;1;1;2;1;1;1
2;3;3;1;3;3;1;3;1;1;1;1;3;1;1;1;1;3;3;1;3;1;1;3;1;1;1;1;3;2;3;1;1;3;1;1
2;1;3;1;3;3;3;3;3;1;1;1;1;1;3;3;1;3;1;1;1;1;1;3;3;3;1;1;3;2;1;1;3;1;1;1
2;1;3;1;3;1;3;3;1;1;1;1;1;1;1;1;1;3;3;1;1;1;1;3;1;1;1;1;3;2;1;1;1;3;1;1
2;1;3;1;3;3;1;3;1;1;1;1;1;1;1;1;1;2;1;1;3;1;1;3;2;1;1;1;3;2;3;1;1;1;1;1
2;1;3;1;3;3;1;3;1;3;1;3;3;3;3;3;3;3;3;1;1;1;3;3;1;3;1;1;3;2;1;1;1;1;1;1
2;1;3;3;3;2;1;3;3;1;3;1;1;3;1;2;1;3;1;1;1;3;1;3;1;3;1;1;2;2;1;1;1;3;1;1
2;1;3;3;3;2;1;3;1;1;1;1;1;1;1;3;1;3;3;1;3;1;1;3;1;3;3;1;3;2;1;1;3;1;3;1
2;3;3;1;3;3;1;3;1;1;1;1;1;1;1;1;1;2;1;1;2;1;3;3;1;3;3;3;3;2;1;1;3;1;1;1
2;1;3;1;3;3;1;3;3;1;1;1;1;1;1;1;1;3;1;3;1;1;3;3;3;1;1;1;3;2;1;1;1;3;1;1
2;1;3;1;1;1;1;3;1;2;1;2;1;1;1;1;1;3;1;1;3;1;2;3;1;1;1;1;1;2;1;1;2;1;3;1
2;1;3;3;3;2;1;3;3;1;1;1;1;1;1;3;1;3;1;1;1;1;1;3;3;1;2;1;2;2;1;1;1;1;1;1
2;1;3;1;1;1;3;1;3;1;1;1;1;3;3;3;3;3;3;1;3;1;1;3;3;1;3;1;2;2;1;1;1;1;1;1
2;1;3;1;1;1;3;1;1;1;1;1;1;1;1;3;1;3;1;1;1;1;1;3;3;1;3;1;2;2;1;1;1;1;1;1
2;3;3;1;3;3;1;3;1;3;1;3;1;1;1;3;1;2;1;1;1;1;1;3;1;1;3;1;3;2;1;1;1;1;1;1
2;1;2;1;3;3;1;3;1;3;1;3;1;3;3;3;3;3;3;1;3;1;1;3;1;1;1;1;3;2;1;1;3;3;1;1
2;1;3;1;1;1;3;3;1;1;1;1;1;1;1;3;1;3;1;3;1;1;1;3;1;1;3;1;2;2;1;1;1;3;1;1
2;1;3;1;3;3;3;3;1;1;1;1;1;3;1;1;3;3;2;1;3;1;1;3;2;1;1;1;3;2;1;1;1;3;1;1
2;1;3;1;3;3;1;3;3;1;1;1;1;1;1;1;1;3;3;1;1;1;1;3;3;1;1;3;1;2;1;1;1;1;1;1
2;1;3;1;1;1;2;1;1;1;1;1;1;1;3;1;1;3;1;1;3;3;1;3;1;1;3;1;2;2;1;1;1;3;1;1
2;1;3;3;3;2;1;3;1;3;3;3;1;1;1;3;3;3;3;1;3;3;1;3;1;3;1;3;3;2;1;1;1;1;1;1
2;1;3;1;1;1;1;1;1;1;3;1;1;1;3;1;1;3;1;1;1;1;1;3;3;1;1;1;3;2;1;1;1;3;1;1
2;1;3;1;3;3;1;3;1;1;1;1;1;1;1;3;1;3;1;1;1;1;1;3;1;1;3;1;2;2;1;1;1;1;1;1
2;1;3;1;3;3;1;3;3;1;1;1;1;3;1;1;3;3;2;1;1;1;1;3;1;1;1;1;3;2;3;1;1;3;1;1
2;1;3;1;1;1;3;1;1;1;1;1;1;1;1;1;1;3;1;1;1;1;1;3;1;1;1;1;1;2;3;1;3;1;1;1
2;1;3;1;3;3;1;3;3;1;1;1;1;1;1;3;1;3;1;3;1;1;1;3;1;3;1;1;3;2;1;1;3;1;3;1
2;1;2;1;1;1;1;3;1;1;1;1;1;1;1;2;1;3;1;1;1;1;3;3;1;1;1;1;3;2;1;1;3;1;3;1
2;3;3;3;1;1;1;3;1;1;3;1;1;1;1;1;1;3;1;1;1;1;1;3;1;1;3;1;3;2;1;1;1;1;1;1
2;3;3;3;3;1;1;2;1;1;1;1;1;3;3;3;3;3;1;1;1;3;3;2;1;3;3;1;3;2;1;1;3;1;1;1
2;1;3;1;1;1;1;1;1;1;3;1;1;1;1;1;1;3;1;1;1;1;1;3;3;1;1;1;3;2;1;1;3;1;1;1
2;1;3;1;1;1;1;1;1;3;1;3;3;1;1;1;1;3;1;1;3;3;1;3;3;1;3;3;3;2;1;1;3;1;1;1
2;1;3;1;1;1;3;1;1;3;1;3;3;1;1;1;1;3;1;1;3;1;1;3;3;3;1;1;2;2;1;1;1;2;1;1
2;1;3;1;3;1;1;3;1;1;1;1;3;1;1;3;1;2;1;1;1;1;1;2;1;2;1;3;3;2;1;1;1;3;1;1
2;1;3;1;1;1;1;1;1;1;2;1;1;1;1;1;1;3;1;1;1;1;3;2;1;1;3;1;2;2;1;1;1;1;1;1
2;1;3;1;1;1;1;1;1;1;1;1;3;1;1;3;1;3;3;1;3;3;1;3;1;3;1;1;2;2;1;1;1;1;1;1
2;1;3;1;1;1;1;3;3;1;1;1;3;3;1;3;3;2;3;1;1;1;3;3;3;1;1;1;2;2;1;1;1;3;1;1
2;1;3;1;1;1;3;1;1;3;1;3;1;1;1;1;1;3;1;1;3;1;1;3;1;1;3;1;3;2;1;1;3;1;1;1
2;3;3;1;3;3;1;3;3;1;1;1;1;2;3;3;2;2;3;1;1;1;1;3;3;1;3;1;3;2;1;1;3;1;1;1
2;1;3;1;3;1;1;2;1;1;1;1;2;1;3;1;1;3;1;1;3;1;1;3;1;1;3;1;3;2;3;1;1;1;1;1
2;1;3;1;1;1;3;1;1;1;1;1;1;3;1;1;3;3;3;1;1;1;1;3;3;1;3;3;3;2;1;1;1;1;1;1
2;3;3;1;1;1;1;3;1;1;1;1;1;1;1;3;1;3;1;1;1;1;1;3;3;1;1;1;1;2;3;1;1;1;1;1
2;3;3;3;1;1;1;3;1;1;1;1;1;1;3;3;1;3;1;1;1;3;1;2;1;3;1;1;1;2;3;1;3;1;3;1
2;1;2;1;1;1;2;1;1;1;1;1;1;1;1;2;3;3;3;1;1;1;1;3;3;1;1;1;3;2;1;1;1;3;1;1
2;1;2;1;1;1;3;1;1;1;3;1;1;3;1;3;2;3;2;1;1;3;1;3;1;3;1;1;3;2;1;1;1;1;1;1
2;3;3;3;1;1;1;3;1;1;1;1;1;3;3;3;3;2;1;1;1;1;1;3;1;1;1;1;1;2;1;1;3;1;1;1
2;1;3;1;1;1;3;3;1;1;1;1;1;3;1;1;3;3;2;1;1;1;1;3;1;1;3;1;3;2;1;1;1;1;1;1
2;1;3;1;1;1;1;1;1;1;1;1;1;1;1;1;1;2;1;1;3;1;1;3;2;1;1;1;3;2;3;1;1;3;1;1
2;1;2;1;3;3;1;2;1;2;1;2;1;1;1;3;3;3;3;1;1;1;3;3;1;1;3;1;2;2;1;1;3;1;1;1
2;1;3;3;1;3;1;3;1;1;2;1;1;1;1;3;1;3;1;1;1;1;3;3;1;1;1;1;2;2;1;1;1;3;1;1
2;1;3;1;3;3;1;3;1;1;1;1;1;1;1;1;1;3;3;1;2;1;1;3;2;1;1;1;2;2;1;1;1;3;1;1
2;1;2;1;1;1;3;3;1;3;1;3;1;1;1;1;1;3;3;1;1;1;1;3;3;1;1;1;3;2;3;1;1;3;1;1
2;1;3;1;3;3;3;3;1;3;1;3;1;3;1;3;3;2;3;1;1;3;1;3;3;1;1;1;2;2;1;1;1;1;1;1
2;3;3;3;1;1;1;3;1;1;3;1;1;3;1;1;3;3;3;1;1;3;1;2;3;3;1;3;1;2;1;1;1;1;1;1
2;1;3;1;1;1;1;1;1;1;3;1;1;1;3;3;1;3;1;1;1;1;3;3;3;1;1;1;3;2;1;1;3;1;1;1
2;1;3;1;3;1;3;3;3;1;3;1;1;1;1;3;1;3;1;1;3;1;3;2;1;1;3;1;3;2;1;1;1;1;1;1
2;1;3;1;3;3;1;3;1;1;1;1;1;1;1;3;1;3;1;1;1;1;3;3;1;1;1;1;3;2;1;1;1;1;1;1
2;1;3;1;3;3;1;3;1;1;3;1;1;1;1;3;1;3;1;1;1;1;1;3;3;1;3;1;2;2;1;1;3;3;1;1
2;1;3;1;1;1;1;3;1;1;1;1;1;1;1;1;1;3;1;3;3;1;1;3;3;1;1;1;3;2;3;1;1;3;1;1
2;1;2;1;1;1;3;1;3;1;1;1;1;1;1;3;1;3;1;1;1;1;1;3;1;1;1;1;3;2;1;1;3;1;1;1
2;1;3;1;1;1;3;1;3;1;1;1;1;1;1;3;1;2;1;1;1;1;1;3;3;1;1;1;1;2;1;1;2;1;1;1
2;1;3;1;1;1;3;1;1;1;1;1;3;1;1;1;1;3;1;1;1;1;1;3;1;1;1;1;3;2;1;1;1;3;1;1
2;1;3;1;3;3;1;3;1;1;1;1;1;1;1;3;1;3;1;1;1;1;1;3;3;1;1;1;3;2;1;1;1;1;1;1
2;1;3;1;3;3;3;3;1;1;3;1;1;1;1;1;1;3;3;1;2;1;3;3;1;1;1;1;1;2;3;1;3;1;1;1
2;1;3;1;3;1;3;3;1;1;3;1;1;1;1;1;1;3;3;1;3;1;1;3;1;1;3;1;2;2;1;1;1;3;1;1
2;1;3;1;3;3;1;3;1;1;1;1;1;1;1;3;1;3;1;1;1;1;1;3;1;1;3;1;2;2;1;1;3;3;1;1
2;1;3;1;1;1;1;1;1;1;1;1;1;3;1;3;1;3;1;1;1;1;3;2;3;1;1;1;3;2;1;1;1;1;1;1
2;3;3;1;1;1;3;1;3;1;1;1;1;1;1;1;1;3;3;1;1;2;1;3;1;3;1;1;2;2;1;1;1;2;1;1
2;1;3;1;1;1;3;3;1;1;1;1;1;1;1;1;1;2;1;1;3;1;3;3;1;1;1;1;3;2;1;1;1;1;1;1
2;3;3;3;1;1;1;3;3;1;1;1;1;1;1;1;1;3;3;1;2;1;1;3;3;1;1;1;1;2;1;1;3;1;1;1
2;1;3;1;1;1;3;1;1;1;1;1;1;1;1;1;1;3;1;1;3;1;1;3;3;3;1;1;3;2;1;1;1;3;1;1
2;1;3;1;1;1;1;3;1;1;1;1;1;3;1;1;3;3;3;1;1;1;1;3;3;1;1;1;3;2;1;1;3;1;3;1
2;1;3;1;1;1;1;1;1;1;1;1;1;1;1;1;1;3;1;3;3;1;1;3;1;3;3;1;3;2;3;1;1;1;1;1
2;3;3;1;3;3;1;3;3;1;1;1;1;1;1;1;1;3;3;1;3;1;3;3;1;3;1;3;3;2;1;1;1;1;1;1
2;1;3;1;1;1;1;1;3;1;1;1;1;3;1;1;3;3;2;1;3;1;1;3;1;2;1;1;3;2;1;1;3;1;3;1
2;1;3;1;1;1;1;1;1;3;1;3;1;1;1;3;1;3;1;3;1;1;1;2;3;3;3;1;2;2;1;1;3;3;1;1
2;1;3;1;3;3;1;3;1;1;1;1;1;1;1;1;1;3;1;1;3;1;3;3;1;1;1;1;3;2;1;1;1;1;1;1
2;1;3;1;3;3;3;3;1;1;1;1;1;1;1;1;1;3;3;1;3;1;1;3;1;1;1;1;1;2;1;1;3;1;1;1
2;1;3;1;1;1;3;1;1;1;1;1;1;1;1;1;1;3;1;3;3;1;1;3;1;1;3;1;2;2;1;1;1;3;1;1
2;1;3;1;1;1;1;3;1;1;2;1;1;1;1;1;1;3;1;3;1;3;1;3;1;1;1;3;3;2;1;1;1;3;1;1
2;1;3;1;3;3;1;3;1;1;1;1;1;3;1;3;2;3;2;1;1;3;1;3;1;1;1;1;2;2;1;1;1;3;1;1
2;1;3;1;1;1;1;1;1;1;1;1;1;1;1;3;1;3;3;1;1;3;1;3;1;1;1;1;3;2;1;1;1;3;1;1
2;1;3;1;3;3;1;3;1;1;1;1;1;3;1;1;3;3;3;1;1;1;1;2;3;1;1;1;3;2;1;1;3;3;1;1
2;1;3;1;1;1;3;3;1;1;1;1;1;1;1;1;1;2;1;1;1;1;1;3;1;3;1;1;3;2;1;1;3;3;1;1
2;1;3;3;1;3;1;1;1;1;1;1;1;1;1;1;1;3;1;1;3;1;1;3;3;1;1;1;3;2;1;1;3;1;1;1
2;1;3;1;1;1;1;1;1;1;1;1;1;1;3;1;1;3;1;1;1;1;1;3;1;3;3;1;2;2;1;1;3;1;1;1
2;1;3;1;1;1;1;1;1;1;1;1;1;1;1;1;1;3;3;1;3;1;1;3;3;1;1;1;1;2;2;1;1;1;1;1
2;1;3;1;3;1;3;3;1;1;3;1;1;1;1;1;1;3;3;1;1;1;1;3;1;1;3;1;2;2;1;1;3;3;1;1
2;1;3;3;1;3;1;3;1;2;1;2;1;1;1;3;1;3;1;1;1;1;1;2;3;1;2;1;2;2;1;1;2;1;1;1
2;1;3;3;1;3;1;1;1;1;1;1;1;1;1;3;1;3;1;1;1;1;1;3;1;1;1;1;1;2;1;1;1;1;1;1
2;3;3;2;1;3;1;3;1;3;1;3;1;1;3;2;1;3;1;1;1;1;1;3;1;1;3;1;3;2;1;1;3;1;1;1
2;1;3;3;1;3;1;3;1;1;1;1;1;1;1;1;1;2;1;1;1;1;1;3;1;1;1;1;3;2;1;1;1;1;1;1
2;1;3;1;3;3;1;3;1;1;1;1;1;1;1;1;1;3;1;1;3;1;1;3;1;1;1;1;1;2;1;1;1;1;1;1
2;1;3;1;1;1;1;1;1;1;1;1;1;1;1;1;1;3;3;1;3;1;1;3;3;1;1;1;1;2;1;1;2;1;3;1
2;1;3;1;1;1;2;1;1;1;1;1;1;1;1;3;3;3;3;1;3;1;1;3;1;3;1;1;3;2;1;1;1;1;1;1
2;1;3;1;1;1;3;1;3;1;1;1;1;1;1;3;1;3;3;1;3;1;1;3;1;1;1;1;3;2;1;1;1;3;1;1
2;1;3;1;1;1;1;3;1;3;1;3;1;3;3;3;3;3;3;1;1;1;3;3;1;1;3;1;2;2;1;1;3;1;1;1
2;1;3;1;3;3;3;3;1;1;1;1;1;1;3;3;1;3;1;1;3;1;2;3;1;1;3;1;2;2;1;1;1;1;1;1
2;1;3;1;3;3;1;3;1;1;3;1;1;1;1;3;1;3;1;3;1;3;1;3;1;1;1;1;3;2;3;1;1;1;1;1
2;1;3;1;1;1;3;3;1;1;1;1;3;1;1;3;1;2;1;1;3;1;1;3;3;3;1;1;2;2;1;1;1;3;1;1
2;1;2;1;2;2;1;2;3;1;1;1;1;1;1;1;1;3;1;3;1;1;3;3;1;1;3;1;3;2;1;1;3;1;3;1
2;1;2;1;3;3;1;3;1;1;1;1;3;1;1;1;1;2;1;1;3;1;1;2;3;1;3;1;2;2;1;1;3;3;1;1
2;1;3;1;1;1;1;3;1;1;3;1;3;1;1;3;1;3;1;1;1;1;1;3;3;3;1;1;3;2;1;1;1;3;1;1
2;1;3;1;3;3;1;3;1;1;3;1;1;1;3;3;1;3;1;1;3;1;1;2;3;1;1;3;3;2;1;1;1;3;1;1
2;3;3;1;3;3;1;3;1;1;1;1;1;1;1;3;1;3;1;3;1;1;1;3;1;1;3;1;3;2;1;1;3;1;1;1
2;1;3;1;3;3;1;3;1;1;1;1;1;1;1;1;1;3;1;1;3;1;2;3;1;1;1;1;1;2;3;1;1;1;1;1
2;1;3;1;1;1;1;3;1;1;1;1;1;1;1;3;1;3;3;1;1;3;3;3;1;1;1;1;3;2;1;1;1;3;1;1
2;1;3;1;1;1;1;1;1;1;1;1;1;1;1;3;1;3;3;1;1;1;1;3;1;1;1;1;3;2;1;1;3;1;1;1
2;1;3;1;3;1;1;3;1;3;1;3;1;3;3;3;3;3;1;1;1;1;1;3;3;3;1;1;3;2;1;1;3;3;3;1
2;1;3;1;1;1;1;1;1;1;1;1;1;1;1;3;3;3;3;1;3;1;1;2;1;1;1;1;1;2;3;1;1;1;1;1
2;1;3;1;1;1;3;1;1;1;1;1;1;1;3;1;1;3;1;1;3;1;1;3;1;1;1;1;2;2;1;1;1;1;1;1
2;1;3;1;1;1;1;1;1;1;3;1;1;3;1;3;2;3;2;1;1;1;1;3;3;3;3;1;3;2;1;1;3;1;1;1
2;1;3;1;1;1;3;1;1;1;1;1;3;1;1;3;1;3;1;1;1;1;1;3;1;1;3;1;2;2;1;1;3;3;1;1
2;3;3;1;3;3;1;3;1;3;1;3;1;3;3;3;3;2;1;1;1;1;1;2;3;1;1;3;3;2;1;1;1;1;1;1
2;1;3;1;1;1;1;1;1;1;1;1;1;1;1;1;1;3;1;1;1;1;3;3;1;1;1;1;3;2;3;1;1;3;1;1
2;3;3;1;1;1;1;3;1;1;1;1;1;3;2;2;3;3;1;1;1;1;1;3;1;1;1;1;1;2;3;1;3;1;3;1
2;1;3;1;3;3;1;3;1;3;1;3;1;1;3;1;1;3;1;1;1;1;1;3;1;3;1;1;3;2;3;1;1;1;1;1
2;1;3;1;1;1;1;3;1;3;1;3;1;1;1;3;1;3;3;1;3;1;2;3;1;1;1;1;1;2;1;1;2;1;3;1
2;1;2;1;3;3;3;3;3;3;1;3;1;1;1;3;1;3;3;1;3;1;1;3;3;3;3;1;3;2;1;1;3;1;1;1
2;1;3;1;3;3;1;3;1;3;1;3;1;1;1;1;1;3;3;1;3;1;1;3;2;1;3;1;3;2;1;1;3;1;1;1
2;1;3;1;3;3;1;3;1;1;3;1;1;1;1;2;1;3;1;1;1;1;3;3;1;1;2;1;2;2;1;1;3;1;1;1
2;3;3;1;3;3;1;3;1;1;2;1;1;1;1;3;1;3;1;3;1;1;1;3;3;1;3;1;2;2;1;1;1;3;1;1
2;1;3;1;1;1;3;1;1;1;1;1;1;3;1;1;3;3;2;1;1;1;1;3;2;1;1;1;1;2;3;1;3;1;1;1
2;1;3;1;1;1;1;1;1;2;1;2;1;3;3;3;3;3;1;1;1;1;1;3;1;1;1;3;3;2;1;1;1;1;1;1
2;1;3;1;1;1;3;1;1;1;1;1;1;1;1;3;1;3;1;1;1;1;1;3;1;1;1;1;1;2;1;1;1;1;1;1
2;1;3;1;3;1;3;3;1;1;1;1;1;1;1;1;1;3;1;1;3;1;1;2;3;1;1;3;3;2;1;1;1;3;1;1
2;1;3;1;1;1;3;1;1;1;1;1;3;3;3;3;3;3;3;1;1;3;1;3;1;3;1;1;3;2;1;1;1;3;1;1
2;1;3;3;3;2;1;3;1;1;2;1;1;1;3;3;1;3;1;1;1;1;1;2;2;1;3;1;3;2;1;1;2;1;1;1
2;1;3;1;1;1;1;1;1;1;1;1;1;1;1;3;1;3;1;1;1;3;1;3;1;3;1;1;1;2;3;1;3;1;3;1
2;1;2;1;3;3;1;3;1;1;1;1;1;3;3;3;3;3;1;1;1;1;3;3;1;1;3;1;2;2;1;1;3;3;1;1
2;1;2;1;3;3;1;3;3;1;3;1;1;1;1;1;1;3;3;1;1;1;3;3;1;1;1;1;2;2;1;1;1;3;1;1
2;1;3;1;1;1;3;1;1;1;3;1;1;3;3;3;3;3;1;3;1;1;3;3;3;1;1;3;3;2;1;1;1;1;1;1
2;1;3;1;1;1;1;1;1;1;1;1;1;1;3;1;1;3;1;1;3;1;1;3;3;3;1;1;1;2;1;1;3;1;3;1
2;1;3;1;3;3;1;3;3;1;3;1;1;3;3;3;3;3;1;1;1;1;3;3;1;1;1;1;2;2;1;1;1;1;1;1
2;1;2;1;3;3;3;3;1;1;1;1;2;1;1;1;1;3;1;3;1;1;1;2;3;1;3;1;3;2;1;1;3;1;3;1
2;1;3;3;1;3;3;1;3;1;1;1;1;1;1;2;1;3;1;1;1;3;1;3;1;1;1;1;3;2;1;1;1;3;1;1
2;3;3;1;3;3;1;3;1;1;1;1;3;3;1;1;3;3;3;1;1;1;1;3;1;1;1;1;1;2;3;1;3;1;3;1
2;1;2;1;1;1;1;2;1;3;1;3;1;1;1;3;1;3;1;1;1;3;1;3;1;1;3;1;3;2;1;1;2;1;1;1
2;1;2;1;1;1;3;1;1;1;3;1;3;1;1;3;1;3;1;3;1;1;1;3;1;1;1;1;1;2;3;1;1;1;1;1
2;3;3;1;3;3;1;3;1;3;1;3;1;3;1;1;3;2;3;1;1;1;1;2;1;3;1;3;3;2;1;1;1;3;1;1
2;3;3;1;1;1;1;1;1;3;1;3;3;1;3;1;1;3;1;1;3;1;1;2;1;3;3;1;2;2;1;1;1;1;1;1
2;1;3;1;1;1;1;1;1;3;3;3;1;1;1;1;1;3;1;1;3;3;1;2;3;1;1;1;2;2;1;1;1;1;1;1
2;1;3;3;1;3;1;1;3;1;1;1;1;1;3;3;1;3;1;1;3;2;1;3;1;3;1;1;2;2;1;1;1;2;1;1
2;1;2;1;3;3;3;3;3;1;1;1;3;1;1;1;1;3;1;1;1;1;1;3;1;3;3;1;3;2;1;1;3;1;3;1
2;3;2;3;1;1;1;3;1;1;1;1;1;1;1;1;1;3;1;1;1;1;1;3;1;1;1;1;2;2;1;1;1;3;1;1
2;1;3;1;1;1;2;1;1;1;1;1;3;3;3;3;3;3;1;1;1;1;1;3;1;1;3;1;3;2;1;1;1;1;1;1
2;1;3;3;1;3;3;1;1;1;1;1;3;1;1;1;1;3;1;1;1;3;1;3;1;1;1;1;3;2;1;1;1;3;1;1
2;1;3;3;1;3;1;1;1;3;3;3;1;1;1;3;1;3;1;3;1;1;3;3;1;1;1;1;2;2;1;1;1;1;1;1
2;1;3;1;1;1;3;1;3;1;1;1;1;1;1;1;1;3;3;1;3;1;3;3;1;1;3;1;3;2;1;1;3;1;1;1
2;1;3;1;1;1;1;3;1;3;1;3;1;3;3;3;3;3;1;3;1;1;1;3;3;1;1;1;2;2;1;1;1;3;1;1
2;1;3;1;3;3;1;3;1;1;3;1;1;1;1;2;1;3;1;1;1;3;3;3;1;3;3;1;3;2;3;1;1;1;1;1
2;3;3;1;1;1;1;1;1;1;3;1;1;1;1;3;1;3;3;1;3;1;2;3;1;1;1;1;2;2;1;1;1;2;1;1
2;1;3;1;1;1;1;1;1;1;1;1;3;1;1;3;1;3;1;1;1;1;2;3;1;1;3;1;2;2;1;1;1;3;1;1
2;1;3;1;1;1;3;1;1;3;1;3;1;3;2;3;3;3;1;1;1;1;1;3;1;1;1;3;1;2;1;1;3;1;1;1
2;1;3;1;3;3;1;3;3;1;3;1;1;1;3;2;1;3;1;1;1;1;1;3;1;3;1;1;2;2;1;1;1;1;1;1
2;3;3;3;1;1;1;3;1;1;3;1;1;1;1;1;1;2;1;1;2;1;1;3;3;1;1;1;1;2;1;1;3;1;1;1
2;3;3;1;1;1;1;3;1;1;1;1;3;1;1;2;1;2;1;1;1;1;1;3;3;1;1;1;1;2;1;1;1;1;1;1
2;1;3;3;1;3;3;1;1;1;3;1;1;1;1;3;1;3;1;1;1;1;1;3;1;1;1;1;3;2;1;1;3;3;3;1
2;3;3;1;1;1;1;1;1;3;1;3;1;3;1;2;1;3;1;1;1;1;2;3;1;1;1;1;1;2;1;1;1;1;1;1
2;1;3;1;1;1;1;3;1;1;1;1;1;3;1;1;3;3;3;1;1;1;3;2;3;1;1;1;1;2;3;1;1;1;1;1
2;1;3;1;3;1;3;3;3;1;1;1;1;1;1;1;1;3;3;1;3;1;1;3;2;1;2;1;2;2;1;1;3;1;1;1
2;1;3;3;1;3;3;1;1;1;1;1;1;1;1;3;3;3;3;1;1;3;1;3;1;3;1;1;2;2;1;1;1;1;1;1
2;1;3;1;1;1;1;3;1;3;1;3;1;1;1;1;1;3;1;3;1;1;1;3;3;3;1;3;1;2;3;1;1;1;1;1
2;1;3;1;1;1;1;3;1;1;1;1;3;3;3;3;3;3;1;1;1;1;1;3;1;1;1;1;1;2;1;1;3;1;1;1
2;1;3;1;3;1;3;3;1;1;1;1;1;3;3;3;3;3;3;1;1;1;1;3;1;1;3;1;3;2;1;1;1;1;1;1
2;3;3;1;3;3;1;3;1;1;1;1;2;1;3;3;1;3;1;1;1;1;1;3;1;1;3;1;2;2;1;1;3;1;1;1
2;1;3;1;3;1;3;3;3;1;3;1;1;3;1;1;3;3;2;1;1;1;3;3;1;1;3;1;3;2;1;1;3;1;1;1
2;1;3;1;1;1;1;3;1;1;1;1;1;1;1;1;1;3;1;1;1;1;1;3;1;1;1;1;3;2;1;1;1;3;1;1
2;1;3;1;1;1;1;1;1;1;1;1;1;1;1;1;1;3;1;3;1;1;3;3;1;3;1;1;2;2;1;1;1;1;1;1
2;1;3;1;1;1;1;1;3;3;1;3;1;1;1;1;1;3;3;1;3;1;3;3;1;1;1;1;3;2;1;1;1;1;1;1
2;1;3;1;3;3;1;3;1;3;1;3;3;1;1;1;1;3;1;3;1;3;1;3;1;1;3;1;2;2;1;1;3;3;1;1
2;1;3;1;1;1;3;3;1;1;1;1;1;1;1;1;1;3;3;1;1;1;3;3;1;1;3;1;3;2;1;1;1;1;1;1
2;1;3;1;3;3;3;3;3;1;1;1;1;3;3;2;3;2;1;1;1;1;1;3;3;1;3;1;3;2;1;1;3;1;1;1
2;1;3;1;1;1;3;1;1;1;1;1;3;1;3;1;1;3;1;1;1;1;1;3;3;1;3;1;3;2;1;1;3;1;3;1
2;1;3;1;1;1;1;1;1;1;1;1;3;1;1;1;1;3;1;3;3;1;1;3;1;3;3;1;3;2;1;1;1;1;1;1
2;1;3;1;1;1;1;1;1;1;1;1;1;3;3;3;3;3;1;1;1;1;3;3;1;1;1;1;1;2;3;1;1;1;1;1
2;1;3;1;3;3;1;3;1;1;3;1;1;1;3;1;1;3;1;1;3;1;3;3;3;1;1;1;3;2;1;1;1;3;1;1
2;1;3;1;1;1;3;3;3;1;1;1;1;1;1;1;1;3;1;3;3;3;1;3;1;1;1;1;1;2;1;1;1;1;1;1
2;1;3;1;1;1;3;1;1;1;3;1;1;3;1;1;3;3;3;3;1;3;1;3;3;3;1;1;1;2;1;1;2;1;3;1
2;3;3;1;1;1;3;1;1;1;1;1;3;3;1;3;3;3;3;1;1;1;1;3;1;1;3;1;2;2;1;1;3;1;1;1
2;1;2;1;1;1;1;3;1;3;1;3;1;1;1;1;1;3;1;1;1;1;1;3;1;3;3;1;3;2;1;1;1;1;1;1
2;3;3;3;3;1;1;2;1;1;1;1;3;1;1;1;1;3;3;1;2;1;1;3;3;1;1;1;3;2;1;1;1;3;1;1
2;1;3;1;3;3;1;3;1;1;1;1;1;1;1;1;1;3;3;1;1;3;1;3;3;1;3;1;3;2;1;1;1;1;1;1
2;3;3;1;1;1;1;1;1;1;3;1;1;1;1;1;1;3;1;1;1;3;3;2;1;3;3;1;3;2;3;1;3;1;1;1
2;1;3;1;1;1;1;1;1;3;1;3;1;1;1;1;1;3;3;1;1;1;3;3;3;1;1;3;3;2;1;1;1;3;1;1
2;1;3;1;1;1;1;1;1;1;1;1;1;1;1;1;1;3;1;1;1;1;1;3;3;1;1;1;2;2;1;1;1;3;1;1
2;1;3;1;1;1;1;3;1;3;1;3;1;1;3;1;1;3;1;1;3;1;1;3;1;1;1;1;1;2;1;1;1;1;1;1
2;3;3;3;1;1;1;3;1;1;1;1;1;3;1;1;3;3;3;1;1;1;3;3;1;1;1;1;3;2;1;1;1;1;1;1
2;1;3;1;3;3;3;3;1;1;3;1;1;1;1;3;1;3;1;1;1;1;1;3;3;1;1;1;1;2;3;1;3;1;1;1
2;1;3;1;1;1;3;1;1;1;3;1;1;1;1;3;1;3;1;1;1;3;1;2;1;2;1;1;2;2;1;1;1;2;1;1
2;1;3;1;3;3;1;3;1;1;1;1;1;1;1;2;1;3;1;1;1;1;1;3;1;3;1;1;1;2;3;1;1;1;1;1
2;1;3;1;1;1;3;1;3;1;1;1;1;3;1;3;1;3;1;1;1;1;1;3;1;1;1;1;1;2;1;1;1;1;1;1
2;1;2;1;2;2;1;2;1;1;1;1;3;3;3;1;3;3;3;1;1;1;3;3;1;1;1;1;3;2;3;1;1;1;1;1
2;1;3;1;3;3;1;3;3;3;1;3;1;1;1;1;1;2;1;1;3;1;3;3;1;1;3;1;3;2;3;1;3;1;1;1
2;3;3;2;1;3;1;3;1;1;1;1;1;1;1;1;1;3;1;3;1;1;1;3;1;1;1;1;3;2;1;1;3;1;3;1
2;3;3;1;1;1;1;3;3;1;1;1;1;1;1;1;1;3;1;1;3;3;1;3;1;3;2;1;2;2;1;1;1;1;1;1
2;1;3;1;1;1;2;1;1;1;1;1;2;1;1;1;1;3;3;1;1;1;1;3;3;1;1;1;3;2;1;1;3;3;1;1
2;3;2;3;1;1;1;2;1;1;3;1;1;1;1;1;1;3;3;1;1;1;1;3;1;3;3;1;3;2;1;1;2;1;1;1
2;1;3;1;1;1;1;1;1;3;1;3;1;1;1;3;1;3;1;3;1;1;3;3;1;1;3;1;3;2;1;1;2;1;1;1
2;1;3;1;3;1;1;3;1;1;1;1;1;3;3;3;3;3;3;1;1;3;1;3;1;1;1;1;3;2;1;1;1;1;1;1
2;1;3;3;1;3;1;3;1;3;1;3;1;1;1;2;1;3;1;1;1;1;3;3;3;1;1;1;3;2;1;1;1;3;1;1
2;1;3;1;3;3;3;3;1;1;1;1;3;1;1;1;1;3;1;1;3;1;1;3;3;1;3;1;3;2;1;1;3;1;1;1
2;1;3;1;1;1;3;1;3;1;1;1;1;1;1;1;1;3;3;1;1;1;1;2;1;3;1;1;1;2;3;1;3;1;1;1
2;3;3;1;1;1;1;3;1;1;1;1;1;1;1;3;1;3;1;1;1;1;3;3;3;1;1;1;2;2;1;1;1;2;1;1
2;1;3;1;3;3;1;3;1;1;3;1;1;3;3;3;3;3;1;1;1;1;3;2;3;1;3;1;2;2;1;1;3;3;1;1
2;1;3;1;1;1;3;1;1;1;2;1;1;3;1;3;3;3;3;1;1;1;1;3;1;3;1;2;1;2;1;1;1;1;1;1
2;1;3;3;1;3;3;1;1;1;1;1;3;1;1;2;1;3;1;1;1;1;1;2;1;1;1;1;3;2;1;1;1;3;1;1
2;1;3;1;3;3;1;3;1;3;1;3;1;1;1;3;3;3;3;1;3;3;3;3;1;3;1;1;1;2;2;1;1;1;1;1
2;1;3;3;1;3;1;3;1;1;1;1;2;1;1;1;1;3;3;1;1;1;3;2;1;3;1;1;2;2;1;1;1;2;1;1
2;1;3;1;3;1;1;3;1;1;1;1;1;3;3;3;3;2;1;1;1;1;3;3;1;3;1;1;1;2;3;1;3;1;1;1
2;1;3;1;1;1;3;1;1;1;3;1;3;3;1;3;1;3;1;1;3;1;1;3;1;1;1;1;2;2;1;1;1;3;1;1
2;1;3;1;1;1;3;1;1;1;1;1;1;1;1;1;1;2;1;1;3;1;2;3;1;1;1;1;3;2;1;1;1;1;1;1
2;1;3;1;1;1;3;1;3;1;1;1;1;1;1;3;1;3;1;1;3;1;1;2;1;3;1;1;1;2;1;1;1;1;1;1
2;1;3;3;3;2;1;3;1;3;1;3;1;1;1;1;1;3;3;1;1;3;1;2;1;3;1;1;1;2;3;1;3;1;3;1
2;3;3;1;3;3;1;3;1;1;1;1;1;3;1;2;1;3;1;1;1;3;1;3;3;1;1;1;1;2;2;1;1;1;1;1
2;1;3;1;3;3;1;3;1;1;3;1;1;1;1;1;1;3;3;1;3;1;1;3;3;3;3;1;2;2;1;1;1;1;1;1
2;1;3;1;1;1;1;1;1;1;3;1;3;1;1;2;1;3;1;1;1;1;1;3;3;3;3;1;3;2;1;1;3;1;1;1
2;1;3;1;1;1;1;1;3;1;3;1;1;1;1;1;1;3;1;1;3;1;1;3;1;1;1;1;2;2;1;1;1;1;1;1
2;1;3;1;3;1;3;3;1;3;1;3;1;3;1;1;3;2;3;1;1;1;1;3;3;1;3;3;3;2;1;1;3;1;1;1
2;1;3;1;1;1;1;1;1;3;1;3;1;1;1;1;1;3;1;1;1;1;1;3;1;1;3;1;3;2;1;1;3;1;1;1
2;3;3;1;1;1;1;1;2;1;1;1;1;1;1;1;1;3;1;1;3;1;1;3;3;1;1;1;3;2;1;1;1;3;1;1
2;3;3;3;1;1;1;3;3;1;3;1;1;1;1;1;1;3;3;1;3;1;1;2;1;3;1;1;2;2;1;1;1;2;1;1
2;1;3;3;1;3;1;1;3;1;1;1;1;1;1;3;1;2;1;1;1;1;1;3;1;3;1;1;3;2;1;1;1;3;1;1
2;1;3;1;3;3;3;3;1;1;1;1;1;1;3;3;1;3;1;1;1;1;1;3;3;1;3;1;2;2;1;1;3;3;1;1
2;1;3;1;1;1;1;1;1;1;3;1;1;1;1;3;3;3;3;1;1;1;1;3;3;1;1;1;2;2;1;1;1;1;1;1
2;1;3;1;3;3;3;3;1;3;1;3;1;1;1;1;1;3;3;1;3;3;1;3;1;1;3;3;3;2;1;1;3;1;1;1
2;1;3;1;1;1;3;1;1;1;3;1;1;1;1;1;1;3;1;1;3;3;3;3;1;1;2;1;2;2;1;1;3;1;1;1
2;1;3;1;1;1;1;1;1;3;3;3;1;1;1;3;1;3;1;1;3;1;1;3;1;3;1;1;1;2;1;1;3;1;3;1
2;1;3;1;1;1;1;1;1;1;3;1;1;1;1;2;1;3;1;1;1;1;1;2;1;1;3;1;2;2;1;1;3;3;1;1
2;3;3;1;1;1;1;1;3;1;1;1;3;1;1;1;1;2;1;1;3;1;1;3;3;1;1;1;3;2;1;1;1;3;1;1
2;1;3;1;1;1;3;1;1;1;1;1;1;1;1;3;1;3;1;1;1;1;1;3;1;3;1;3;3;2;1;1;1;1;1;1
2;1;3;1;1;1;1;3;1;1;1;1;3;3;1;1;3;3;3;1;1;1;3;2;1;3;3;1;2;2;1;1;1;3;1;1
2;1;3;1;1;1;3;1;3;1;1;1;1;1;3;3;1;3;1;1;1;1;1;3;1;1;1;1;2;2;1;1;1;3;1;1
2;1;3;1;1;1;1;1;1;1;3;1;1;1;1;1;1;3;3;1;1;1;1;3;1;1;1;1;2;2;1;1;1;2;1;1
2;1;2;1;3;3;1;2;1;1;1;1;1;1;1;1;1;3;3;1;2;1;3;3;1;1;3;1;2;2;1;1;1;3;1;1
2;1;3;3;1;3;1;1;1;1;1;1;1;1;1;1;1;3;3;1;2;2;1;3;1;1;2;1;2;2;1;1;1;1;1;1
2;1;3;1;1;1;1;1;3;1;3;1;1;1;1;3;1;3;1;1;1;1;1;3;3;3;1;1;3;2;3;1;1;3;1;1
2;1;3;1;1;1;1;3;1;3;1;3;1;1;1;1;1;3;3;1;3;1;1;3;1;2;1;3;1;2;1;1;1;1;1;1
2;1;3;1;3;3;1;3;1;1;1;1;1;1;1;3;1;3;1;1;1;1;3;3;1;3;1;1;2;2;1;1;1;3;1;1
2;3;3;1;3;3;1;3;1;1;1;1;1;1;1;3;1;3;1;3;1;1;1;3;1;1;1;3;3;2;1;1;1;3;1;1
2;1;3;1;1;1;1;1;3;1;1;1;1;3;1;1;3;3;3;1;1;1;1;3;3;1;1;1;1;2;3;1;3;1;1;1
2;1;3;3;3;2;1;3;1;1;1;1;1;1;1;3;1;3;1;1;1;1;3;2;3;1;1;1;1;2;3;1;1;1;1;1
2;1;3;1;3;3;1;3;1;1;1;1;1;1;1;1;1;3;1;1;1;1;3;3;1;1;1;3;1;2;1;1;3;1;3;1
2;1;3;1;1;1;3;1;1;1;1;1;1;1;1;1;1;3;3;1;2;1;3;3;1;1;1;1;1;2;1;1;1;1;1;1
2;3;3;1;3;3;1;3;1;1;1;1;1;1;1;1;1;2;1;1;3;1;1;3;1;3;1;1;1;2;2;1;1;1;1;1
2;1;3;1;3;1;1;3;3;1;3;1;1;1;1;3;1;3;1;1;1;1;1;3;1;1;3;1;3;2;3;1;3;1;1;1
2;1;3;1;1;1;1;3;1;3;1;3;1;1;1;1;1;3;1;1;1;1;1;3;1;1;1;3;3;2;1;1;1;1;1;1
2;1;3;1;1;1;3;1;3;1;1;1;1;1;1;1;1;3;1;1;1;1;1;3;1;3;1;3;1;2;3;1;1;1;1;1
2;1;3;1;1;1;1;1;1;1;1;1;1;1;1;1;1;3;3;1;1;1;1;3;1;1;1;1;1;2;1;1;1;1;1;1
2;1;3;1;1;1;1;3;1;1;1;1;1;1;1;1;1;3;1;3;3;1;1;3;3;1;1;1;2;2;1;1;1;2;1;1
2;1;3;1;3;3;3;3;3;1;1;1;1;3;1;1;3;3;3;1;1;1;1;3;3;1;1;1;1;2;3;1;1;1;1;1
2;1;3;1;1;1;3;1;1;1;1;1;1;3;3;3;3;2;1;1;1;1;1;3;3;1;3;1;2;2;1;1;3;3;1;1
2;1;2;1;2;2;1;2;1;1;1;1;1;3;1;3;1;3;1;1;1;3;1;3;1;3;1;1;3;2;3;1;1;3;1;1
2;1;2;1;1;1;1;3;1;1;1;1;3;1;1;1;1;3;3;1;1;1;1;3;1;1;3;1;3;2;3;1;1;1;1;1
2;1;3;3;1;3;1;1;1;3;1;3;1;3;2;2;3;3;1;1;1;3;1;3;1;3;1;3;1;2;1;1;3;1;1;1
2;1;2;1;1;1;3;1;1;1;1;1;3;1;1;1;1;3;3;1;3;1;3;2;3;1;3;3;3;2;1;1;3;1;1;1
2;1;3;1;1;1;1;3;1;3;1;3;1;1;1;1;1;3;3;1;2;1;1;3;1;1;1;3;1;2;1;1;3;1;3;1
2;1;3;1;1;1;1;1;1;1;3;1;1;3;3;3;3;3;1;3;1;1;3;3;1;1;1;1;3;2;1;1;1;3;1;1
2;1;3;1;1;1;1;1;1;1;1;1;1;1;1;1;1;3;3;1;1;1;1;3;1;1;3;1;3;2;1;1;3;1;3;1
2;1;3;1;3;1;3;3;1;1;1;1;1;1;1;1;1;3;3;1;3;3;1;3;3;3;3;1;3;2;1;1;3;1;3;1
2;1;2;1;1;1;3;1;3;3;1;3;1;3;3;2;3;3;1;1;1;1;3;3;1;1;1;1;1;2;3;1;1;1;1;1
2;1;3;1;1;1;3;1;1;1;3;1;1;1;1;2;1;3;1;1;1;1;3;2;3;1;3;1;3;2;1;1;3;1;1;1
2;1;3;1;3;3;1;3;1;1;1;1;1;1;1;1;1;3;1;1;3;1;1;2;3;1;3;1;3;2;1;1;3;1;3;1
2;1;3;1;3;3;3;3;1;1;3;1;1;1;1;1;1;3;1;1;3;1;1;3;1;1;1;1;2;2;1;1;1;3;1;1
2;3;3;1;3;3;1;3;3;1;1;1;1;1;1;1;1;3;3;1;3;2;1;3;1;3;3;1;2;2;1;1;3;1;1;1
2;1;3;1;3;3;1;3;1;1;3;1;1;3;1;1;3;3;3;1;1;1;3;2;3;1;1;1;3;2;1;1;3;1;3;1
2;3;3;1;1;1;3;1;1;1;1;1;3;3;1;1;3;2;3;1;3;1;3;3;1;1;1;1;1;2;3;1;3;1;3;1
2;2;3;3;1;1;1;3;1;1;3;1;1;1;3;3;1;3;1;1;1;1;1;3;1;1;3;3;3;2;1;1;1;1;1;1
2;1;3;1;1;1;1;1;1;1;1;1;1;1;1;3;1;3;3;1;1;1;1;3;3;1;1;1;1;2;1;1;1;1;1;1
2;1;3;1;3;3;1;3;1;2;1;2;1;3;1;1;3;3;2;1;3;1;1;3;3;1;3;1;2;2;1;1;1;3;1;1
2;1;3;1;3;3;1;3;1;3;1;3;1;3;3;2;3;3;1;1;1;1;3;3;3;1;1;1;1;2;1;1;1;1;1;1
2;1;3;1;3;3;1;3;1;1;3;1;3;3;3;3;3;3;1;1;1;1;1;3;1;1;1;1;1;2;1;1;3;1;1;1
2;1;3;1;1;1;3;1;1;1;3;1;1;3;3;3;3;2;1;1;1;3;1;3;3;1;1;1;3;2;3;1;1;1;1;1
2;1;3;1;1;1;3;1;1;1;1;1;3;1;1;3;1;3;1;3;1;1;3;2;1;1;3;1;2;2;1;1;1;3;1;1
2;1;3;1;1;1;3;1;1;1;1;1;1;1;3;1;1;3;1;1;1;1;3;3;1;1;1;1;2;2;1;1;1;2;1;1
2;1;3;1;3;3;1;3;1;3;3;3;1;1;1;1;1;3;1;1;1;1;1;2;3;3;1;3;3;2;1;1;1;1;1;1
2;1;3;1;1;1;1;3;3;1;1;1;1;3;1;3;1;3;1;1;1;1;1;3;3;1;1;1;3;2;1;1;3;3;3;1
2;1;3;1;3;3;1;3;1;1;1;1;1;1;1;1;1;3;1;3;3;1;3;3;1;1;1;1;1;2;1;1;2;1;1;1
2;1;3;1;1;1;3;1;3;1;3;1;1;1;1;3;1;3;1;1;1;1;1;2;3;1;1;1;3;2;1;1;1;3;1;1
2;1;3;1;3;1;3;3;3;1;1;1;3;1;1;3;1;2;1;1;1;1;1;3;2;1;1;1;3;2;1;1;1;1;1;1
2;1;3;3;1;3;1;3;1;1;3;1;1;1;1;1;1;2;1;1;1;1;3;2;3;1;1;3;3;2;1;1;1;3;1;1
2;1;2;1;2;2;1;2;1;3;1;3;1;1;1;1;1;3;3;1;1;1;3;3;1;1;1;1;3;2;1;1;3;3;3;1
2;1;3;1;3;3;1;3;1;1;3;1;3;1;1;1;1;3;3;1;3;1;3;3;1;1;3;1;3;2;3;1;1;1;1;1
2;2;3;3;1;1;1;3;1;1;3;1;3;3;3;3;3;3;3;1;1;1;1;3;3;3;1;3;1;2;1;1;3;1;1;1
2;1;3;1;1;1;3;1;3;3;1;3;1;1;1;3;1;3;1;1;1;1;3;3;1;1;1;1;3;2;1;1;3;1;3;1
2;1;3;1;2;3;1;2;1;1;1;1;1;1;1;3;1;3;3;1;1;3;3;3;1;1;3;1;3;2;1;1;3;1;1;1
2;1;3;1;1;1;3;1;1;1;1;1;1;1;1;1;1;3;3;1;3;3;1;3;1;1;1;1;3;2;3;1;1;1;1;1
2;1;3;1;1;1;1;1;1;1;3;1;1;3;1;1;3;3;3;1;1;1;1;3;1;1;1;1;3;2;1;1;1;1;1;1
2;1;3;1;3;3;1;3;1;3;1;3;1;1;1;1;1;3;3;1;1;1;3;3;1;1;3;1;3;2;1;1;3;1;1;1
2;1;2;1;2;2;1;2;1;1;1;1;1;3;3;3;3;3;1;1;1;1;1;3;1;3;1;1;3;2;1;1;1;3;1;1
2;1;2;1;1;1;1;3;3;1;1;1;1;1;1;3;3;3;3;1;1;1;3;3;1;3;1;1;3;2;3;1;1;3;1;1
2;1;3;1;1;1;1;3;1;1;3;1;1;1;1;1;1;3;1;1;1;1;3;3;1;1;1;3;3;2;1;1;1;3;1;1
2;1;3;1;1;1;3;1;1;3;1;3;1;1;1;1;1;3;1;1;3;1;1;3;1;3;1;1;3;2;1;1;1;3;1;1
2;1;3;1;3;3;1;3;3;1;1;1;3;1;1;1;1;3;3;1;1;1;1;3;1;3;1;1;3;2;1;1;3;3;3;1
2;1;3;1;1;1;1;1;1;3;3;3;1;3;3;2;3;3;1;1;1;1;1;3;1;3;2;1;2;2;1;1;2;1;1;1
2;1;3;1;1;1;1;1;1;1;1;1;1;3;1;3;1;3;1;1;1;1;3;3;1;3;1;1;3;2;1;1;1;1;1;1
2;1;3;1;1;1;1;3;1;1;1;1;1;1;1;3;1;3;3;1;3;1;1;3;3;1;3;3;3;2;1;1;1;1;1;1
2;1;3;1;2;3;1;2;1;1;1;1;1;1;3;1;1;3;1;1;1;1;1;3;1;3;1;1;3;2;1;1;1;3;1;1
2;1;2;1;3;3;1;3;3;1;3;1;1;1;1;1;1;3;1;1;3;2;1;3;1;1;1;1;3;2;3;1;1;1;1;1
2;1;3;1;1;1;3;1;1;1;3;1;1;1;1;3;1;3;1;1;1;1;1;3;3;1;3;1;3;2;1;1;1;1;1;1
2;1;3;1;1;1;3;1;1;1;1;1;1;1;1;1;1;3;1;1;3;1;1;3;1;3;3;3;3;2;1;1;3;1;1;1
2;1;3;1;1;1;1;1;1;1;1;1;3;3;1;1;3;3;2;1;1;1;1;3;1;1;1;1;2;2;1;1;1;1;1;1
2;1;3;3;1;3;1;1;1;1;1;1;1;3;3;2;3;2;1;1;1;1;3;3;3;1;1;1;1;2;1;1;3;1;3;1
2;1;3;1;3;3;3;3;1;3;1;3;1;1;3;3;1;3;1;1;1;3;1;3;1;1;1;1;3;2;1;1;1;3;1;1
2;1;3;1;3;3;1;3;1;1;1;1;3;1;1;1;1;3;1;3;1;3;1;3;1;1;2;1;2;2;1;1;1;1;1;1
2;1;2;1;1;1;3;1;1;1;1;1;3;3;1;1;3;3;3;1;1;1;1;3;1;1;1;1;3;2;1;1;1;3;1;1
2;1;3;1;3;3;1;3;3;1;1;1;1;1;1;3;1;2;1;1;3;3;1;3;1;1;3;1;2;2;1;1;1;3;1;1
2;1;3;1;1;1;1;1;1;1;1;1;1;3;1;1;3;3;3;1;1;1;3;3;1;3;3;1;2;2;1;1;1;3;1;1
2;1;3;3;1;3;1;1;3;1;3;1;1;3;1;1;3;3;3;1;1;1;1;3;1;1;1;1;1;2;3;1;1;1;1;1
2;1;3;3;1;3;1;1;1;1;3;1;1;1;3;2;1;3;1;1;1;1;1;3;1;2;3;3;3;2;1;1;3;1;1;1
2;1;3;1;3;3;1;3;1;3;1;3;1;1;1;1;1;3;1;1;3;1;3;2;1;1;1;1;1;2;1;1;3;1;1;1
2;3;3;1;1;1;1;1;1;1;3;1;1;1;3;3;1;3;1;1;1;1;3;2;1;1;3;1;2;2;1;1;1;3;1;1
2;1;2;1;1;1;3;1;1;1;1;1;1;1;1;1;1;3;3;1;3;1;1;3;3;1;1;3;1;2;1;1;1;1;1;1
2;1;3;1;1;1;3;1;1;1;1;1;1;3;3;3;3;3;3;1;1;1;1;3;1;3;1;1;3;2;1;1;3;3;1;1
2;1;3;1;1;1;1;1;1;1;3;1;1;1;1;1;1;3;1;3;1;1;2;2;1;1;3;1;2;2;1;1;1;3;1;1
2;1;3;1;1;1;3;1;1;1;1;1;1;1;1;1;1;2;1;1;3;3;1;3;1;3;1;1;2;2;1;1;1;3;1;1
2;1;2;1;3;3;1;3;1;1;1;1;1;3;3;2;3;2;1;1;1;1;3;3;1;1;3;1;3;2;3;1;1;1;1;1
2;1;3;1;1;1;1;1;1;1;1;1;1;1;3;2;1;3;1;1;1;1;1;3;1;1;1;1;3;2;1;1;1;1;1;1
2;1;3;3;1;3;1;3;1;1;1;1;1;1;1;2;1;3;1;1;1;1;1;3;3;1;1;3;1;2;1;1;1;1;1;1
2;1;3;1;3;3;1;3;1;3;1;3;1;3;3;3;3;3;3;1;1;1;1;3;3;3;3;1;3;2;3;1;3;1;1;1
2;1;3;3;1;3;3;1;1;1;1;1;3;3;1;1;3;2;3;1;1;1;1;3;3;1;1;1;2;2;1;1;1;3;1;1
2;1;3;1;1;1;1;1;1;3;1;3;1;1;1;1;1;3;1;3;1;1;3;2;1;1;3;1;3;2;1;1;3;1;1;1
2;3;3;1;1;1;1;1;1;1;3;1;1;1;1;1;1;3;3;1;3;3;1;3;1;1;1;1;1;2;3;1;1;1;1;1
2;1;3;1;3;1;1;3;1;1;3;1;3;1;1;3;1;2;1;1;3;1;3;3;1;3;1;1;3;2;1;1;1;3;1;1
2;1;3;1;1;1;1;3;1;1;3;1;1;1;1;3;1;3;1;1;1;1;3;3;1;1;2;1;2;2;1;1;3;1;1;1
2;1;2;1;1;1;3;1;1;1;2;1;1;3;3;3;3;3;1;3;1;1;1;3;3;1;1;1;2;2;1;1;1;3;1;1
2;1;3;1;1;1;1;3;1;1;1;1;3;1;1;1;1;3;3;1;3;1;1;3;1;3;1;1;2;2;1;1;1;2;1;1
2;1;3;3;1;3;1;3;3;3;1;3;1;1;1;1;1;3;3;1;3;1;1;3;1;3;1;1;3;2;1;1;1;1;1;1
2;1;3;1;3;3;1;3;3;1;1;1;1;1;3;3;1;3;1;1;1;1;1;3;1;3;1;1;2;2;1;1;1;3;1;1
2;1;3;1;1;1;1;1;1;1;1;1;1;1;1;3;1;3;1;1;3;1;1;3;1;3;1;3;1;2;1;1;3;1;3;1
2;1;3;1;1;1;1;1;1;1;3;1;1;1;1;1;1;3;1;1;1;1;1;3;1;1;3;1;2;2;1;1;3;3;1;1
2;3;3;1;1;1;1;1;3;3;1;3;1;3;2;2;3;3;1;1;1;3;1;3;1;1;1;1;3;2;1;1;3;3;1;1
2;1;3;1;3;3;1;3;1;1;3;1;3;1;1;1;1;3;3;1;3;1;3;2;1;1;3;1;3;2;1;1;3;1;1;1
2;3;3;1;1;1;1;1;1;1;1;1;1;1;3;3;1;3;1;1;1;1;1;3;3;1;3;1;3;2;1;1;1;1;1;1
2;1;3;1;3;3;1;3;1;1;3;1;1;1;1;2;1;3;1;1;1;1;1;3;3;1;1;3;1;2;1;1;1;1;1;1
2;1;3;1;3;3;1;3;1;1;1;1;1;1;3;1;1;3;1;1;1;1;1;2;1;1;1;1;2;2;1;1;1;3;1;1
2;1;3;1;3;3;3;3;1;1;3;1;3;1;1;1;1;3;1;1;3;1;3;3;1;1;3;1;3;2;1;1;2;1;3;1
2;3;3;2;1;3;1;3;1;1;1;1;1;1;1;3;1;3;3;1;1;1;1;3;1;1;3;1;2;2;1;1;3;1;1;1
2;1;3;3;1;3;1;1;1;1;1;1;1;1;1;1;1;3;3;1;3;1;1;3;1;1;3;1;2;2;1;1;1;1;1;1
2;1;3;1;1;1;3;1;1;1;1;1;1;1;3;3;1;3;1;1;1;1;1;3;1;1;1;1;3;2;1;1;3;1;1;1
2;1;3;1;1;1;1;1;1;1;3;1;1;3;3;3;3;2;1;1;1;1;3;2;3;1;2;1;2;2;1;1;3;1;1;1
2;1;3;1;1;1;1;1;1;1;1;1;3;1;1;3;1;3;1;1;1;3;1;3;1;1;3;1;3;2;1;1;3;1;1;1
2;1;3;1;3;1;3;3;1;1;3;1;1;3;3;3;3;3;3;1;1;1;1;3;1;3;1;1;3;2;1;1;3;1;1;1
2;1;3;1;2;3;1;2;1;1;1;1;3;1;1;3;1;3;3;1;1;1;3;3;1;1;1;1;3;2;3;1;1;3;1;1
2;1;3;1;1;1;3;1;1;1;1;1;1;1;3;3;1;3;1;1;1;1;1;3;1;1;1;1;1;2;3;1;3;1;1;1
2;1;3;1;3;3;1;3;3;1;3;1;1;1;1;1;1;3;3;1;1;1;1;3;3;1;3;1;3;2;1;1;3;1;1;1
2;1;2;1;3;3;3;3;1;1;3;1;1;1;1;3;1;3;1;1;1;1;1;3;3;1;3;3;3;2;1;1;3;1;1;1
2;3;3;1;3;3;1;3;1;3;1;3;1;1;1;1;1;3;1;1;3;1;3;3;1;1;1;3;3;2;1;1;1;1;1;1
2;1;3;1;1;1;1;1;1;1;1;1;1;3;3;3;3;2;1;1;3;1;3;2;1;3;3;1;2;2;1;1;1;1;1;1
2;1;3;1;1;1;1;1;1;3;1;3;1;1;1;3;1;3;1;1;1;1;3;2;3;1;3;1;3;2;3;1;3;1;1;1
2;1;3;3;1;3;1;1;3;3;1;3;1;1;1;1;1;3;3;1;2;1;2;3;1;1;1;1;1;2;1;1;2;1;2;1
2;1;3;1;1;1;1;1;1;3;3;3;1;1;1;3;1;3;3;1;1;1;1;2;1;1;1;1;3;2;1;1;1;3;1;1
2;1;3;3;1;3;1;1;1;1;1;1;3;1;1;1;1;3;1;3;1;1;1;3;3;1;1;1;2;2;1;1;1;3;1;1
2;1;3;1;1;1;1;1;1;1;3;1;1;1;1;1;1;3;1;3;3;1;1;3;3;1;2;1;2;2;1;1;2;1;1;1
2;3;3;1;1;1;1;3;1;1;1;1;1;3;2;2;3;3;1;1;1;1;1;3;1;1;1;1;3;2;1;1;3;1;3;1
